school,sex,age,address,famsize,pstatus,medu,fedu,mjob,fjob,reason,nursery,internet,guardian,traveltime,studytime,failures,schoolsup,famsup,paid,activities,higher,romantic,famrel,freetime,goout,dalc,walc,health,absences,g1,g2,g3,avg_early_grades,parental_education,total_alcohol,high_absences,failure_study_ratio,grade_improvement,alc_ratio
GP,F,2.0,U,GT3,A,0.5,0.5,at_home,teacher,course,yes,no,mother,1.0,0.0,0.0,yes,no,no,no,yes,no,0.0,0.0,0.5,0.0,-0.5,-0.5,0.3333333333333333,-1.2,-1.0,-1.25,-1.2222222222222223,0.6666666666666666,-0.3333333333333333,1.0,0.0,0.5,-1.0
GP,F,1.0,U,GT3,T,-1.0,-1.0,at_home,other,course,no,yes,father,0.0,0.0,0.0,no,yes,no,no,yes,no,1.0,0.0,0.0,0.0,-0.5,-0.5,0.0,-1.2,-1.2,-1.25,-1.3333333333333333,-1.3333333333333333,-0.3333333333333333,0.0,0.0,0.0,-1.0
GP,F,-1.0,U,LE3,T,-1.0,-1.0,at_home,other,other,yes,yes,mother,0.0,0.0,3.0,yes,no,yes,no,yes,no,0.0,0.0,-0.5,1.0,0.5,-0.5,1.0,-0.8,-0.6,-0.25,-0.7777777777777778,-1.3333333333333333,0.6666666666666666,1.0,1.0,0.5,0.0
GP,F,-1.0,U,GT3,T,0.5,-0.5,health,services,home,yes,yes,mother,0.0,1.0,0.0,no,yes,yes,yes,yes,yes,-1.0,-1.0,-0.5,0.0,-0.5,0.5,-0.3333333333333333,0.8,0.6,1.0,0.7777777777777778,0.0,-0.3333333333333333,0.0,0.0,-0.5,-1.0
GP,F,0.0,U,GT3,T,0.0,0.0,other,other,home,yes,no,father,0.0,0.0,0.0,no,yes,yes,no,yes,no,0.0,0.0,-0.5,0.0,0.0,0.5,0.0,-1.0,-0.2,-0.25,-0.6666666666666666,0.0,0.0,0.0,0.0,2.0,0.0
GP,M,0.0,U,LE3,T,0.5,0.0,services,other,reputation,yes,yes,mother,0.0,0.0,0.0,no,yes,yes,yes,yes,no,1.0,1.0,-0.5,0.0,0.0,0.5,1.0,0.8,0.8,1.0,0.8888888888888888,0.3333333333333333,0.0,1.0,0.0,0.0,0.0
GP,M,0.0,U,LE3,T,-0.5,-0.5,other,other,home,yes,yes,mother,0.0,0.0,0.0,no,no,no,no,yes,no,0.0,1.0,0.5,0.0,-0.5,-0.5,-0.6666666666666666,0.2,0.2,0.0,0.2222222222222222,-0.6666666666666666,-0.3333333333333333,0.0,0.0,0.0,-1.0
GP,F,1.0,U,GT3,A,0.5,0.5,other,teacher,home,yes,no,mother,1.0,0.0,0.0,yes,yes,no,no,yes,no,0.0,-2.0,0.5,0.0,-0.5,-1.5,0.3333333333333333,-1.0,-1.2,-1.25,-1.2222222222222223,0.6666666666666666,-0.3333333333333333,1.0,0.0,-0.5,-1.0
GP,M,-1.0,U,LE3,A,0.0,-0.5,services,other,home,yes,yes,mother,0.0,0.0,0.0,no,yes,yes,no,yes,no,0.0,-1.0,-0.5,0.0,-0.5,-1.5,-0.6666666666666666,1.0,1.4,2.0,1.3333333333333333,-0.3333333333333333,-0.3333333333333333,0.0,0.0,1.0,-1.0
GP,M,-1.0,U,GT3,T,0.0,0.5,other,other,home,yes,yes,mother,0.0,0.0,0.0,no,yes,yes,yes,yes,no,1.0,2.0,-1.0,0.0,-0.5,0.5,-0.6666666666666666,0.6,0.8,1.0,0.7777777777777778,0.3333333333333333,-0.3333333333333333,0.0,0.0,0.5,-1.0
GP,F,-1.0,U,GT3,T,0.5,0.5,teacher,health,reputation,yes,yes,mother,0.0,0.0,0.0,no,yes,yes,no,yes,no,-1.0,0.0,0.0,0.0,0.0,-1.0,-0.6666666666666666,-0.2,-0.6,-0.5,-0.4444444444444444,0.6666666666666666,0.0,0.0,0.0,-1.0,0.0
GP,F,-1.0,U,GT3,T,-0.5,-1.0,services,other,reputation,yes,yes,father,2.0,1.0,0.0,no,yes,no,yes,yes,no,1.0,-1.0,-0.5,0.0,-0.5,0.0,0.0,-0.2,0.2,0.25,0.0,-1.0,-0.3333333333333333,0.0,0.0,1.0,-1.0
GP,M,-1.0,U,LE3,T,0.5,0.5,health,services,course,yes,yes,father,0.0,-1.0,0.0,no,yes,yes,yes,yes,no,0.0,0.0,0.0,0.0,0.5,0.5,-0.3333333333333333,0.6,0.6,0.75,0.6666666666666666,0.6666666666666666,0.3333333333333333,0.0,0.0,0.0,1.0
GP,M,-1.0,U,GT3,T,0.5,0.0,teacher,other,course,yes,yes,mother,1.0,0.0,0.0,no,yes,yes,no,yes,no,1.0,1.0,0.0,0.0,0.0,-0.5,-0.3333333333333333,-0.2,-0.2,0.0,-0.2222222222222222,0.3333333333333333,0.0,0.0,0.0,0.0,0.0
GP,M,-1.0,U,GT3,A,-0.5,-0.5,other,other,home,yes,yes,other,0.0,1.0,0.0,no,yes,no,no,yes,yes,0.0,2.0,-0.5,0.0,-0.5,-0.5,-0.6666666666666666,0.6,1.0,1.25,0.8888888888888888,-0.6666666666666666,-0.3333333333333333,0.0,0.0,1.0,-1.0
GP,F,0.0,U,GT3,T,0.5,0.5,health,other,home,yes,yes,mother,0.0,-1.0,0.0,no,yes,no,no,yes,no,0.0,1.0,0.5,0.0,0.0,-1.0,0.0,0.6,0.6,0.75,0.6666666666666666,0.6666666666666666,0.0,0.0,0.0,0.0,0.0
GP,F,0.0,U,GT3,T,0.5,0.5,services,services,reputation,yes,yes,mother,0.0,1.0,0.0,no,yes,yes,yes,yes,no,-1.0,-1.0,0.0,0.0,0.0,-1.0,0.3333333333333333,0.4,0.6,0.75,0.5555555555555556,0.6666666666666666,0.0,1.0,0.0,0.5,0.0
GP,F,0.0,U,GT3,T,0.0,0.0,other,other,reputation,yes,no,mother,2.0,0.0,0.0,yes,yes,no,yes,yes,no,1.0,0.0,-0.5,0.0,-0.5,0.0,0.0,-0.6,-0.2,-0.25,-0.4444444444444444,0.0,-0.3333333333333333,0.0,0.0,1.0,-1.0
GP,M,1.0,U,GT3,T,0.0,-0.5,services,services,course,yes,yes,mother,0.0,-1.0,3.0,no,yes,no,yes,yes,no,1.0,2.0,1.0,1.0,1.0,0.5,2.0,-1.0,-1.2,-1.5,-1.2222222222222223,-0.3333333333333333,1.0,1.0,1.5,-0.5,0.6666666666666665
GP,M,0.0,U,LE3,T,0.5,0.0,health,other,home,yes,yes,father,0.0,-1.0,0.0,no,no,yes,yes,yes,no,-1.0,-2.0,0.0,0.0,0.5,0.5,0.0,-0.6,-0.2,-0.25,-0.4444444444444444,0.3333333333333333,0.3333333333333333,0.0,0.0,1.0,1.0
GP,M,-1.0,U,GT3,T,0.5,0.0,teacher,other,reputation,yes,yes,mother,0.0,0.0,0.0,no,no,no,no,yes,no,0.0,1.0,-1.0,0.0,-0.5,-1.5,-0.6666666666666666,0.4,0.6,1.0,0.5555555555555556,0.3333333333333333,-0.3333333333333333,0.0,0.0,0.5,-1.0
GP,M,-1.0,U,GT3,T,0.5,0.5,health,health,other,yes,yes,father,0.0,-1.0,0.0,no,yes,yes,no,yes,no,1.0,1.0,-0.5,0.0,-0.5,0.5,-0.6666666666666666,0.2,0.8,1.0,0.5555555555555556,0.6666666666666666,-0.3333333333333333,0.0,0.0,1.5,-1.0
GP,M,0.0,U,LE3,T,0.5,-0.5,teacher,other,course,yes,yes,mother,0.0,0.0,0.0,no,no,no,yes,yes,no,0.0,2.0,-1.0,0.0,0.5,0.5,-0.3333333333333333,0.8,0.8,1.25,0.8888888888888888,0.0,0.3333333333333333,0.0,0.0,0.0,1.0
GP,M,0.0,U,LE3,T,-0.5,-0.5,other,other,reputation,yes,yes,mother,1.0,0.0,0.0,no,yes,no,yes,yes,no,1.0,1.0,0.5,1.0,1.0,0.5,-0.6666666666666666,0.4,0.4,0.25,0.4444444444444444,-0.6666666666666666,1.0,0.0,0.0,0.0,0.6666666666666665
GP,F,-1.0,R,GT3,T,-0.5,0.5,services,health,course,yes,yes,mother,0.0,1.0,0.0,yes,yes,yes,yes,yes,no,0.0,0.0,-0.5,0.0,-0.5,0.5,-0.3333333333333333,-0.2,-0.4,-0.75,-0.3333333333333333,0.0,-0.3333333333333333,0.0,0.0,-0.5,-1.0
GP,F,0.0,U,GT3,T,-0.5,-0.5,services,services,home,no,yes,mother,0.0,-1.0,2.0,no,yes,yes,no,yes,no,-3.0,-1.0,-0.5,0.0,0.5,0.5,1.6666666666666667,-1.0,-0.4,-0.75,-0.7777777777777778,-0.6666666666666666,0.3333333333333333,1.0,1.0,1.5,1.0
GP,M,-1.0,U,GT3,T,-0.5,-0.5,other,other,home,yes,yes,mother,0.0,-1.0,0.0,no,yes,yes,no,yes,no,0.0,-1.0,-0.5,0.0,0.0,0.5,-0.3333333333333333,0.2,0.2,0.0,0.2222222222222222,-0.6666666666666666,0.0,0.0,0.0,0.0,0.0
GP,M,-1.0,U,GT3,T,0.5,-0.5,health,services,other,yes,yes,mother,0.0,-1.0,0.0,no,no,yes,no,yes,no,-2.0,-1.0,0.5,1.0,1.0,-1.5,0.0,0.8,1.0,1.0,1.0,0.0,1.0,0.0,0.0,0.5,0.6666666666666665
GP,M,0.0,U,LE3,A,0.0,0.5,services,other,home,yes,yes,mother,0.0,0.0,0.0,yes,yes,no,yes,yes,no,1.0,0.0,0.0,0.0,-0.5,0.5,0.0,0.0,0.0,0.0,0.0,0.3333333333333333,-0.3333333333333333,0.0,0.0,0.0,-1.0
GP,M,0.0,U,GT3,T,0.5,0.5,teacher,teacher,home,yes,yes,mother,0.0,0.0,0.0,no,yes,yes,yes,yes,yes,0.0,1.0,1.0,4.0,1.5,0.5,2.0,-0.2,0.2,0.0,0.0,0.6666666666666666,2.3333333333333335,1.0,0.0,1.0,-0.33333333333333326
GP,M,-1.0,U,GT3,T,0.5,0.5,health,services,home,no,yes,mother,0.0,0.0,0.0,no,yes,yes,no,yes,no,1.0,1.0,-0.5,2.0,1.0,0.5,-0.6666666666666666,-0.4,0.0,0.25,-0.2222222222222222,0.6666666666666666,1.3333333333333333,0.0,0.0,1.0,0.0
GP,M,-1.0,U,GT3,T,0.5,0.5,services,services,reputation,yes,yes,mother,1.0,0.0,0.0,no,yes,no,yes,yes,no,0.0,0.0,-1.0,0.0,-0.5,0.5,-0.6666666666666666,1.2,1.0,1.5,1.2222222222222223,0.6666666666666666,-0.3333333333333333,0.0,0.0,-0.5,-1.0
GP,M,-1.0,R,GT3,T,0.5,0.0,teacher,at_home,course,yes,yes,mother,0.0,0.0,0.0,no,yes,no,yes,yes,yes,0.0,2.0,-0.5,0.0,-0.5,0.5,-0.6666666666666666,1.2,1.0,1.25,1.2222222222222223,0.3333333333333333,-0.3333333333333333,0.0,0.0,-0.5,-1.0
GP,M,-1.0,U,LE3,T,0.0,0.0,other,other,course,no,yes,mother,0.0,0.0,0.0,no,no,no,yes,yes,no,1.0,0.0,-0.5,0.0,-0.5,-1.0,-0.6666666666666666,-0.6,-0.2,0.25,-0.4444444444444444,0.0,-0.3333333333333333,0.0,0.0,1.0,-1.0
GP,M,0.0,U,GT3,T,0.0,-0.5,other,other,home,no,yes,mother,0.0,-1.0,0.0,no,yes,yes,no,yes,no,1.0,1.0,0.0,0.0,-0.5,0.5,-0.6666666666666666,0.2,0.6,1.0,0.4444444444444444,-0.3333333333333333,-0.3333333333333333,0.0,0.0,1.0,-1.0
GP,F,-1.0,U,GT3,T,-0.5,0.0,other,other,other,yes,no,father,1.0,-1.0,0.0,no,yes,no,yes,yes,no,-1.0,2.0,-1.0,0.0,-0.5,0.5,-0.6666666666666666,-0.6,-0.8,-1.25,-0.7777777777777778,-0.3333333333333333,-0.3333333333333333,0.0,0.0,-0.5,-1.0
GP,M,-1.0,U,LE3,T,0.5,0.0,teacher,services,home,yes,yes,mother,0.0,1.0,0.0,no,yes,no,yes,yes,no,1.0,1.0,0.0,0.0,-0.5,0.0,-0.3333333333333333,0.8,1.0,1.75,1.0,0.3333333333333333,-0.3333333333333333,0.0,0.0,0.5,-1.0
GP,M,0.0,R,GT3,A,0.5,0.5,other,teacher,reputation,yes,yes,mother,1.0,1.0,0.0,no,yes,no,yes,yes,yes,-2.0,1.0,0.0,0.0,-0.5,0.5,0.5,0.8,1.0,1.0,1.0,0.6666666666666666,-0.3333333333333333,1.0,0.0,0.5,-1.0
GP,F,-1.0,R,GT3,T,0.0,0.5,services,health,course,yes,yes,mother,0.0,1.0,0.0,yes,yes,yes,yes,yes,no,0.0,0.0,-0.5,0.0,-0.5,0.5,-0.3333333333333333,0.2,0.2,0.0,0.2222222222222222,0.3333333333333333,-0.3333333333333333,0.0,0.0,0.0,-1.0
GP,F,-1.0,R,GT3,T,-0.5,-0.5,at_home,other,reputation,yes,no,mother,0.0,-1.0,0.0,yes,yes,yes,yes,yes,no,0.0,0.0,-1.0,0.0,-0.5,-1.0,0.6666666666666666,0.6,0.4,0.5,0.5555555555555556,-0.6666666666666666,-0.3333333333333333,1.0,0.0,-0.5,-1.0
GP,M,-1.0,U,LE3,T,0.5,0.5,teacher,other,home,no,yes,other,0.0,-1.0,0.0,no,yes,no,no,yes,yes,1.0,1.0,0.0,1.0,1.0,0.5,0.6666666666666666,0.2,0.2,0.25,0.2222222222222222,0.6666666666666666,1.0,1.0,0.0,0.0,0.6666666666666665
GP,M,-1.0,U,GT3,T,0.5,0.5,services,teacher,course,yes,yes,father,0.0,0.0,0.0,no,yes,no,yes,yes,no,0.0,0.0,0.0,0.0,-0.5,0.5,-0.3333333333333333,1.6,1.4,1.75,1.6666666666666667,0.6666666666666666,-0.3333333333333333,0.0,0.0,-0.5,-1.0
GP,M,-1.0,U,GT3,T,-0.5,-0.5,services,services,course,yes,yes,father,0.0,-1.0,0.0,yes,yes,no,no,yes,no,1.0,1.0,-1.0,0.0,-0.5,-1.5,-0.6666666666666666,-0.6,-0.6,0.0,-0.6666666666666666,-0.6666666666666666,-0.3333333333333333,0.0,0.0,0.0,-1.0
GP,F,0.0,U,LE3,T,-0.5,-0.5,other,at_home,course,yes,yes,father,1.0,0.0,1.0,yes,no,no,yes,yes,no,0.0,0.0,0.0,1.0,0.0,0.5,1.6666666666666667,-0.2,-0.2,-0.5,-0.2222222222222222,-0.6666666666666666,0.3333333333333333,1.0,0.3333333333333333,0.0,-0.6666666666666667
GP,F,-1.0,U,LE3,A,0.5,0.0,other,other,course,yes,yes,mother,0.0,0.0,0.0,yes,yes,yes,yes,yes,yes,1.0,-1.0,-0.5,0.0,-0.5,0.5,0.6666666666666666,-0.6,-0.6,-1.25,-0.6666666666666666,0.3333333333333333,-0.3333333333333333,1.0,0.0,0.0,-1.0
GP,F,0.0,U,LE3,A,0.0,0.0,other,services,home,yes,yes,mother,0.0,0.0,0.0,no,yes,no,no,yes,no,-2.0,0.0,1.0,0.0,1.0,-0.5,1.3333333333333333,0.0,0.2,0.0,0.1111111111111111,0.0,0.6666666666666666,1.0,0.0,0.5,2.0
GP,M,0.0,U,GT3,T,0.5,0.0,health,services,reputation,yes,yes,mother,0.0,2.0,0.0,no,no,no,yes,yes,no,0.0,-1.0,-0.5,0.0,-0.5,-1.0,0.0,1.6,1.6,2.25,1.7777777777777777,0.3333333333333333,-0.3333333333333333,0.0,0.0,0.0,-1.0
GP,M,-1.0,U,GT3,T,0.5,-0.5,teacher,other,home,yes,no,mother,0.0,0.0,0.0,no,yes,yes,no,yes,no,0.0,0.0,0.0,1.0,0.0,0.5,-0.3333333333333333,0.8,0.8,0.75,0.8888888888888888,0.0,0.3333333333333333,0.0,0.0,0.0,-0.6666666666666667
GP,F,-1.0,U,GT3,T,0.5,0.5,services,teacher,other,no,yes,father,0.0,0.0,1.0,yes,yes,no,yes,yes,no,0.0,1.0,0.5,0.0,-0.5,-0.5,-0.3333333333333333,-0.8,-0.8,-1.0,-0.8888888888888888,0.6666666666666666,-0.3333333333333333,0.0,0.3333333333333333,0.0,-1.0
GP,F,0.0,U,LE3,T,-0.5,-0.5,services,services,course,yes,yes,mother,2.0,0.0,0.0,no,yes,yes,no,yes,no,0.0,0.0,0.0,1.0,0.5,0.0,-0.3333333333333333,0.2,0.4,0.5,0.3333333333333333,-0.6666666666666666,0.6666666666666666,0.0,0.0,0.5,0.0
GP,F,-1.0,U,LE3,T,0.5,-0.5,health,other,other,yes,yes,mother,0.0,0.0,0.0,no,yes,yes,no,yes,no,0.0,0.0,0.0,0.0,-0.5,0.5,-0.3333333333333333,0.0,0.4,0.5,0.2222222222222222,0.0,-0.3333333333333333,0.0,0.0,1.0,-1.0
GP,M,-1.0,U,LE3,A,0.5,-0.5,health,health,other,yes,no,father,1.0,-1.0,1.0,no,no,no,no,yes,no,1.0,2.0,1.0,2.0,1.0,0.5,0.3333333333333333,0.0,0.0,-0.25,0.0,0.0,1.3333333333333333,1.0,0.5,0.0,0.0
GP,F,-1.0,U,GT3,T,0.5,0.5,services,services,course,yes,yes,mother,0.0,-1.0,0.0,yes,yes,yes,no,yes,no,-1.0,0.0,0.5,1.0,0.5,0.5,-0.6666666666666666,-0.6,-0.2,0.0,-0.4444444444444444,0.6666666666666666,0.6666666666666666,0.0,0.0,1.0,0.0
GP,F,-1.0,U,LE3,A,0.0,0.0,other,other,other,yes,yes,mother,0.0,-1.0,0.0,no,no,yes,no,yes,no,1.0,0.0,0.5,3.0,1.0,-1.5,0.3333333333333333,-0.2,0.4,0.5,0.1111111111111111,0.0,1.6666666666666667,1.0,0.0,1.5,-0.3999999999999999
GP,F,0.0,U,GT3,A,-0.5,-1.0,other,other,other,yes,yes,mother,0.0,0.0,0.0,no,no,yes,yes,yes,yes,1.0,0.0,0.5,0.0,-0.5,-1.0,0.6666666666666666,-0.6,-0.4,-0.25,-0.5555555555555556,-1.0,-0.3333333333333333,1.0,0.0,0.5,-1.0
GP,F,-1.0,U,GT3,A,0.5,0.0,services,services,reputation,yes,yes,mother,0.0,0.0,0.0,no,yes,yes,yes,yes,no,0.0,0.0,-0.5,0.0,-0.5,-1.5,-0.6666666666666666,0.6,0.8,1.0,0.7777777777777778,0.3333333333333333,-0.3333333333333333,0.0,0.0,0.5,-1.0
GP,M,-1.0,U,GT3,T,0.5,0.5,teacher,health,reputation,yes,no,mother,0.0,0.0,0.0,no,yes,no,yes,yes,no,-1.0,-1.0,-0.5,0.0,-0.5,0.5,0.0,0.6,0.8,1.0,0.7777777777777778,0.6666666666666666,-0.3333333333333333,0.0,0.0,0.5,-1.0
GP,M,-1.0,U,LE3,T,-1.0,-0.5,other,at_home,home,yes,yes,father,0.0,0.0,0.0,yes,yes,no,yes,yes,no,0.0,0.0,-0.5,0.0,-0.5,0.5,-0.3333333333333333,-0.4,-0.2,-0.5,-0.3333333333333333,-1.0,-0.3333333333333333,0.0,0.0,0.5,-1.0
GP,F,0.0,U,GT3,T,0.5,-0.5,services,other,course,yes,yes,mother,0.0,0.0,0.0,no,yes,no,no,yes,no,0.0,-1.0,0.0,0.0,-0.5,0.5,-0.3333333333333333,0.8,1.0,1.25,1.0,0.0,-0.3333333333333333,0.0,0.0,0.5,-1.0
GP,F,0.0,R,GT3,T,0.5,0.5,health,teacher,other,yes,no,mother,0.0,0.0,0.0,no,yes,no,yes,yes,no,-2.0,1.0,0.5,1.0,0.5,0.0,0.3333333333333333,-0.2,0.0,0.0,-0.1111111111111111,0.6666666666666666,0.6666666666666666,1.0,0.0,0.5,0.0
GP,F,0.0,U,GT3,T,-1.0,-1.0,services,services,course,no,yes,father,3.0,-1.0,0.0,yes,yes,no,yes,yes,yes,1.0,2.0,1.0,4.0,1.5,0.5,0.3333333333333333,-0.2,-0.6,0.0,-0.4444444444444444,-1.3333333333333333,2.3333333333333335,1.0,0.0,-1.0,-0.33333333333333326
GP,F,0.0,U,LE3,T,-1.0,-0.5,other,services,reputation,yes,yes,father,0.0,0.0,0.0,yes,no,no,yes,yes,no,0.0,1.0,0.0,0.0,-0.5,-1.5,0.0,-0.6,-0.2,-0.5,-0.4444444444444444,-1.0,-0.3333333333333333,0.0,0.0,1.0,-1.0
GP,F,0.0,U,GT3,T,0.5,0.0,teacher,health,home,yes,yes,mother,0.0,1.0,0.0,yes,yes,yes,yes,yes,no,-1.0,1.0,0.5,1.0,1.0,0.0,-0.3333333333333333,-0.2,-0.4,-0.5,-0.3333333333333333,0.3333333333333333,1.0,0.0,0.0,-0.5,0.6666666666666665
GP,F,-1.0,U,LE3,T,0.5,0.0,services,services,reputation,yes,yes,father,0.0,0.0,0.0,yes,no,no,yes,yes,yes,0.0,1.0,0.5,1.0,1.0,-1.0,-0.6666666666666666,-0.2,-0.2,-0.25,-0.2222222222222222,0.3333333333333333,1.0,0.0,0.0,0.0,0.6666666666666665
GP,F,0.0,U,LE3,T,0.5,0.0,teacher,services,course,yes,yes,mother,2.0,0.0,0.0,no,yes,no,yes,yes,no,1.0,1.0,0.0,0.0,0.0,-1.5,-0.3333333333333333,1.0,0.8,1.0,1.0,0.3333333333333333,0.0,0.0,0.0,-0.5,0.0
GP,M,-1.0,U,GT3,A,0.5,0.5,other,services,reputation,no,yes,mother,0.0,2.0,0.0,no,yes,no,yes,yes,yes,-3.0,0.0,0.0,4.0,1.5,-0.5,0.0,0.4,0.4,0.25,0.4444444444444444,0.6666666666666666,2.3333333333333335,0.0,0.0,0.0,-0.33333333333333326
GP,F,0.0,U,GT3,T,0.0,-1.0,services,other,course,yes,yes,mother,0.0,2.0,0.0,yes,yes,yes,no,yes,no,0.0,0.0,0.0,0.0,0.0,0.5,0.0,-0.8,-0.8,-1.25,-0.8888888888888888,-0.6666666666666666,0.0,0.0,0.0,0.0,0.0
GP,F,-1.0,R,LE3,T,-0.5,-0.5,health,services,reputation,yes,yes,mother,1.0,0.0,0.0,yes,yes,yes,no,yes,no,0.0,-2.0,0.0,0.0,0.5,0.0,-0.3333333333333333,-0.6,-0.4,-0.75,-0.5555555555555556,-0.6666666666666666,0.3333333333333333,0.0,0.0,0.5,1.0
GP,F,-1.0,R,LE3,T,0.0,-1.0,other,other,reputation,no,yes,father,1.0,2.0,0.0,no,yes,no,no,yes,no,0.0,1.0,-0.5,1.0,0.5,-0.5,1.3333333333333333,1.0,1.0,1.25,1.1111111111111112,-0.6666666666666666,0.6666666666666666,1.0,0.0,0.0,0.0
GP,M,0.0,U,GT3,T,0.0,-1.0,other,other,reputation,yes,yes,father,1.0,2.0,0.0,no,yes,yes,no,yes,no,0.0,0.0,-0.5,0.0,-0.5,0.5,-0.6666666666666666,0.4,0.8,1.0,0.6666666666666666,-0.6666666666666666,-0.3333333333333333,0.0,0.0,1.0,-1.0
GP,M,-1.0,U,GT3,T,0.5,-0.5,other,other,course,yes,yes,mother,0.0,2.0,0.0,no,no,no,no,yes,no,-1.0,0.0,0.0,0.0,-0.5,-0.5,-0.6666666666666666,-0.2,-0.2,-0.25,-0.2222222222222222,0.0,-0.3333333333333333,0.0,0.0,0.0,-1.0
GP,F,-1.0,R,GT3,T,-1.0,-1.0,other,other,reputation,no,yes,mother,0.0,0.0,2.0,yes,yes,no,no,yes,yes,-1.0,0.0,0.5,1.0,1.0,0.5,-0.3333333333333333,-0.6,-1.0,-1.5,-0.8888888888888888,-1.3333333333333333,1.0,0.0,0.6666666666666666,-1.0,0.6666666666666665
GP,M,0.0,U,GT3,T,0.0,-1.0,other,other,reputation,yes,no,mother,0.0,-1.0,0.0,no,no,no,yes,yes,no,1.0,0.0,-0.5,1.0,0.0,0.5,-0.3333333333333333,0.2,0.2,0.75,0.2222222222222222,-0.6666666666666666,0.3333333333333333,0.0,0.0,0.0,-0.6666666666666667
GP,M,-1.0,U,GT3,T,0.5,0.0,teacher,other,home,yes,yes,mother,0.0,0.0,0.0,no,yes,yes,yes,yes,no,0.0,0.0,0.0,1.0,0.5,0.5,0.3333333333333333,-0.4,-0.4,-0.25,-0.4444444444444444,0.3333333333333333,0.6666666666666666,1.0,0.0,0.0,0.0
GP,M,-1.0,U,GT3,T,0.5,-1.5,teacher,other,course,yes,yes,mother,1.0,2.0,0.0,no,no,no,yes,yes,no,-1.0,1.0,0.0,0.0,-0.5,-1.5,0.6666666666666666,0.0,0.0,-0.25,0.0,-0.6666666666666666,-0.3333333333333333,1.0,0.0,0.0,-1.0
GP,F,0.0,U,GT3,T,-0.5,-0.5,other,other,reputation,yes,yes,mother,0.0,2.0,0.0,no,no,yes,no,yes,yes,1.0,-1.0,0.0,0.0,0.5,-0.5,-0.6666666666666666,0.0,0.0,0.0,0.0,-0.6666666666666666,0.3333333333333333,0.0,0.0,0.0,1.0
GP,M,1.0,U,GT3,T,-0.5,-1.0,other,other,home,yes,yes,mother,1.0,-1.0,3.0,yes,yes,no,yes,no,no,0.0,2.0,-1.0,0.0,-0.5,-0.5,-0.3333333333333333,-0.6,-0.6,-0.25,-0.6666666666666666,-1.0,-0.3333333333333333,0.0,1.5,0.0,-1.0
GP,F,0.0,U,GT3,T,0.0,0.5,at_home,other,course,yes,yes,mother,0.0,0.0,0.0,no,yes,no,no,yes,no,-2.0,1.0,0.0,0.0,0.0,-0.5,1.3333333333333333,-1.2,-1.2,-1.5,-1.3333333333333333,0.3333333333333333,0.0,1.0,0.0,0.0,0.0
GP,M,-1.0,U,GT3,T,-0.5,0.0,other,services,course,no,yes,father,0.0,-1.0,0.0,yes,yes,yes,yes,yes,yes,-1.0,-1.0,-0.5,0.0,0.5,-0.5,-0.3333333333333333,-0.2,0.2,0.25,0.0,-0.3333333333333333,0.3333333333333333,0.0,0.0,1.0,1.0
GP,M,-1.0,U,GT3,T,-0.5,0.0,other,other,home,no,yes,mother,0.0,1.0,0.0,yes,no,yes,no,yes,no,1.0,0.0,-0.5,0.0,0.0,0.5,0.0,0.0,-0.2,0.0,-0.1111111111111111,-0.3333333333333333,0.0,0.0,0.0,-0.5,0.0
GP,F,-1.0,U,LE3,T,0.0,-0.5,services,other,reputation,yes,yes,mother,0.0,0.0,0.0,no,yes,yes,no,yes,no,0.0,1.0,0.5,0.0,-0.5,0.5,1.0,-0.8,-1.0,-1.25,-1.0,-0.3333333333333333,-0.3333333333333333,1.0,0.0,-0.5,-1.0
GP,M,-1.0,U,LE3,T,-0.5,-0.5,services,services,home,yes,yes,mother,1.0,0.0,0.0,no,no,yes,yes,yes,no,1.0,0.0,0.0,0.0,0.5,0.0,0.0,0.8,0.8,1.0,0.8888888888888888,-0.6666666666666666,0.3333333333333333,0.0,0.0,0.0,1.0
GP,F,-1.0,U,GT3,T,-1.0,-1.0,other,other,home,no,yes,father,0.0,0.0,0.0,no,yes,no,yes,yes,no,0.0,0.0,-0.5,1.0,0.5,0.0,-0.3333333333333333,-0.4,-0.2,-0.25,-0.3333333333333333,-1.3333333333333333,0.6666666666666666,0.0,0.0,0.5,0.0
GP,F,-1.0,U,GT3,T,0.5,0.5,services,services,reputation,yes,yes,father,1.0,0.0,2.0,no,no,yes,no,yes,yes,0.0,1.0,0.5,1.0,0.5,0.5,0.3333333333333333,-0.8,-0.4,-0.75,-0.6666666666666666,0.6666666666666666,0.6666666666666666,1.0,0.6666666666666666,1.0,0.0
GP,F,0.0,U,LE3,T,-0.5,-0.5,at_home,other,course,yes,no,mother,0.0,0.0,0.0,no,yes,no,no,yes,no,0.0,0.0,0.5,0.0,0.0,-1.0,0.0,-0.6,-0.8,-1.25,-0.7777777777777778,-0.6666666666666666,0.0,0.0,0.0,-0.5,0.0
GP,F,-1.0,U,GT3,T,0.5,-0.5,other,other,reputation,yes,yes,mother,0.0,1.0,0.0,no,yes,no,yes,yes,no,1.0,0.0,0.0,0.0,0.5,-1.5,0.0,0.4,0.6,0.75,0.5555555555555556,0.0,0.3333333333333333,0.0,0.0,0.5,1.0
GP,M,0.0,U,GT3,T,-0.5,-0.5,services,other,reputation,no,yes,father,1.0,0.0,1.0,no,no,yes,yes,yes,no,0.0,1.0,-0.5,0.0,-0.5,-0.5,1.3333333333333333,0.0,-0.2,-0.25,-0.1111111111111111,-0.6666666666666666,-0.3333333333333333,1.0,0.3333333333333333,-0.5,-1.0
GP,M,0.0,U,LE3,A,0.5,0.5,teacher,health,reputation,yes,no,mother,0.0,0.0,0.0,no,yes,no,no,yes,no,0.0,-2.0,0.0,2.0,1.5,0.5,2.3333333333333335,-0.6,-1.0,-1.0,-0.8888888888888888,0.6666666666666666,1.6666666666666667,1.0,0.0,-1.0,0.5
GP,F,0.0,U,GT3,T,0.0,0.0,other,other,home,yes,yes,mother,0.0,1.0,0.0,no,yes,yes,no,yes,yes,0.0,0.0,0.0,0.0,0.5,0.0,-0.6666666666666666,-0.8,-0.8,-0.75,-0.8888888888888888,0.0,0.3333333333333333,0.0,0.0,0.0,1.0
GP,F,-1.0,U,GT3,T,0.5,0.0,services,other,reputation,yes,yes,mother,0.0,-1.0,0.0,no,no,yes,yes,yes,no,0.0,2.0,1.0,0.0,0.5,-1.5,0.0,1.0,1.2,1.75,1.2222222222222223,0.3333333333333333,0.3333333333333333,0.0,0.0,0.5,1.0
GP,F,0.0,U,LE3,T,0.0,-1.0,other,other,home,yes,no,father,0.0,0.0,0.0,yes,yes,no,no,yes,no,-1.0,0.0,0.0,1.0,0.5,-1.0,0.0,-0.8,-1.0,-1.25,-1.0,-0.6666666666666666,0.6666666666666666,0.0,0.0,-0.5,0.0
GP,F,0.0,U,GT3,T,0.5,-0.5,teacher,services,home,yes,yes,mother,1.0,0.0,0.0,no,yes,yes,yes,yes,no,1.0,0.0,0.0,0.0,-0.5,-1.5,-0.6666666666666666,0.0,-0.2,-0.25,-0.1111111111111111,0.0,-0.3333333333333333,0.0,0.0,-0.5,-1.0
GP,M,-1.0,U,LE3,T,-0.5,-0.5,services,health,reputation,yes,yes,mother,0.0,2.0,0.0,no,yes,no,yes,yes,no,0.0,0.0,0.5,0.0,-0.5,0.0,0.3333333333333333,0.0,0.4,0.75,0.2222222222222222,-0.6666666666666666,-0.3333333333333333,1.0,0.0,1.0,-1.0
GP,F,-1.0,R,GT3,T,-1.0,-1.0,at_home,other,home,yes,yes,mother,1.0,2.0,1.0,yes,yes,yes,yes,yes,no,-1.0,-2.0,-0.5,0.0,-0.5,-1.5,-0.3333333333333333,-0.8,-0.2,-0.25,-0.5555555555555556,-1.3333333333333333,-0.3333333333333333,0.0,0.2,1.5,-1.0
GP,M,0.0,R,GT3,T,0.5,0.0,services,other,reputation,no,yes,mother,1.0,-1.0,0.0,yes,yes,no,yes,yes,no,-1.0,0.0,0.0,0.0,-0.5,0.0,-0.3333333333333333,0.0,0.8,1.0,0.4444444444444444,0.3333333333333333,-0.3333333333333333,0.0,0.0,2.0,-1.0
GP,F,0.0,U,GT3,T,-0.5,-1.0,other,other,course,yes,no,mother,0.0,0.0,0.0,no,yes,yes,no,yes,yes,0.0,0.0,1.0,0.0,-0.5,0.5,-0.3333333333333333,-0.6,-0.4,-0.25,-0.5555555555555556,-1.0,-0.3333333333333333,0.0,0.0,0.5,-1.0
GP,F,0.0,U,GT3,T,0.5,0.5,other,other,reputation,no,yes,mother,0.0,-1.0,0.0,no,no,no,yes,yes,no,1.0,0.0,0.5,0.0,0.0,-1.5,0.3333333333333333,0.0,0.6,0.75,0.3333333333333333,0.6666666666666666,0.0,1.0,0.0,1.5,0.0
GP,F,0.0,U,GT3,T,0.5,0.0,other,at_home,course,yes,yes,mother,0.0,1.0,0.0,yes,yes,yes,no,yes,no,1.0,0.0,1.0,0.0,-0.5,-0.5,-0.6666666666666666,-0.8,-0.4,-0.75,-0.6666666666666666,0.3333333333333333,-0.3333333333333333,0.0,0.0,1.0,-1.0
GP,M,0.0,U,GT3,T,0.5,0.5,services,services,other,yes,yes,mother,0.0,-1.0,0.0,yes,yes,yes,yes,yes,no,0.0,2.0,1.0,4.0,1.5,0.0,1.6666666666666667,-0.8,-0.8,-1.5,-0.8888888888888888,0.6666666666666666,2.3333333333333335,1.0,0.0,0.0,-0.33333333333333326
GP,M,0.0,U,GT3,T,0.5,0.5,services,teacher,other,yes,yes,father,0.0,1.0,0.0,no,yes,no,yes,yes,yes,0.0,1.0,0.0,0.0,-0.5,0.0,-0.6666666666666666,1.0,1.2,1.5,1.2222222222222223,0.6666666666666666,-0.3333333333333333,0.0,0.0,0.5,-1.0
GP,M,-1.0,U,GT3,T,0.5,0.5,services,other,course,no,yes,mother,0.0,-1.0,0.0,no,yes,no,yes,yes,no,1.0,0.0,0.0,0.0,-0.5,0.5,0.0,-0.2,0.4,0.75,0.1111111111111111,0.6666666666666666,-0.3333333333333333,0.0,0.0,1.5,-1.0
GP,M,-1.0,U,GT3,A,0.0,0.5,services,other,course,yes,yes,mother,0.0,0.0,0.0,no,yes,yes,yes,yes,no,1.0,1.0,0.5,0.0,-0.5,-1.5,-0.6666666666666666,1.0,1.4,1.75,1.3333333333333333,0.3333333333333333,-0.3333333333333333,0.0,0.0,1.0,-1.0
GP,F,-1.0,U,GT3,A,0.0,0.0,other,health,reputation,yes,no,father,0.0,2.0,0.0,yes,no,no,no,yes,no,0.0,0.0,0.0,0.0,-0.5,0.0,1.0,-0.2,0.0,0.0,-0.1111111111111111,0.0,-0.3333333333333333,1.0,0.0,0.5,-1.0
GP,F,-1.0,U,GT3,T,-0.5,-0.5,other,other,course,yes,yes,mother,0.0,2.0,0.0,yes,yes,yes,no,yes,no,1.0,-2.0,-0.5,0.0,-0.5,-0.5,0.6666666666666666,-0.8,-0.6,-0.75,-0.7777777777777778,-0.6666666666666666,-0.3333333333333333,1.0,0.0,0.5,-1.0
GP,M,0.0,U,GT3,T,0.0,0.0,services,other,home,yes,yes,father,0.0,1.0,0.0,no,yes,no,yes,yes,no,1.0,0.0,0.0,0.0,-0.5,0.5,-0.3333333333333333,1.0,1.4,1.75,1.3333333333333333,0.0,-0.3333333333333333,0.0,0.0,1.0,-1.0
GP,M,-1.0,R,GT3,T,0.5,0.5,other,other,home,yes,yes,father,3.0,2.0,0.0,no,yes,yes,yes,yes,yes,-3.0,0.0,1.0,2.0,1.5,-1.5,0.3333333333333333,-0.2,0.4,0.5,0.1111111111111111,0.6666666666666666,1.6666666666666667,1.0,0.0,1.5,0.5
GP,F,0.0,U,LE3,T,0.5,0.5,health,health,other,yes,yes,mother,0.0,1.0,0.0,no,yes,yes,yes,yes,yes,1.0,1.0,1.0,0.0,-0.5,0.0,0.0,0.6,0.8,1.25,0.7777777777777778,0.6666666666666666,-0.3333333333333333,0.0,0.0,0.5,-1.0
GP,M,-1.0,U,LE3,A,0.5,0.5,teacher,teacher,course,yes,yes,mother,0.0,-1.0,0.0,no,no,no,yes,yes,no,1.0,2.0,0.0,0.0,-0.5,0.0,0.3333333333333333,1.4,1.6,2.0,1.6666666666666667,0.6666666666666666,-0.3333333333333333,1.0,0.0,0.5,-1.0
GP,F,0.0,R,GT3,T,0.0,0.0,services,other,reputation,yes,yes,father,0.0,1.0,1.0,yes,yes,no,yes,yes,no,0.0,-2.0,-0.5,0.0,-0.5,-1.0,-0.6666666666666666,-0.8,-0.2,-0.25,-0.5555555555555556,0.0,-0.3333333333333333,0.0,0.25,1.5,-1.0
GP,F,0.0,U,GT3,T,-0.5,-0.5,at_home,other,home,yes,yes,mother,0.0,0.0,1.0,yes,no,no,yes,yes,no,-1.0,-2.0,-0.5,0.0,-0.5,0.5,0.3333333333333333,-0.2,0.4,0.5,0.1111111111111111,-0.6666666666666666,-0.3333333333333333,1.0,0.3333333333333333,1.5,-1.0
GP,M,-1.0,U,LE3,T,0.5,-0.5,teacher,other,course,yes,yes,mother,0.0,-1.0,0.0,no,no,no,no,yes,no,-1.0,2.0,-0.5,0.0,-0.5,-0.5,1.0,1.4,1.6,2.0,1.6666666666666667,0.0,-0.3333333333333333,1.0,0.0,0.5,-1.0
GP,M,-1.0,R,GT3,T,-0.5,-1.0,health,services,reputation,yes,yes,mother,0.0,0.0,0.0,no,no,no,yes,yes,yes,1.0,1.0,-0.5,0.0,-0.5,0.5,0.6666666666666666,-0.4,-0.4,-0.5,-0.4444444444444444,-1.0,-0.3333333333333333,1.0,0.0,0.0,-1.0
GP,M,0.0,U,GT3,T,0.5,0.5,teacher,teacher,course,yes,yes,father,0.0,0.0,0.0,no,yes,no,yes,yes,no,1.0,1.0,0.5,0.0,0.0,0.5,-0.3333333333333333,0.8,0.8,1.25,0.8888888888888888,0.6666666666666666,0.0,0.0,0.0,0.0,0.0
GP,M,-1.0,U,GT3,T,0.5,0.5,other,teacher,reputation,yes,no,father,1.0,0.0,0.0,no,yes,no,yes,yes,no,0.0,1.0,0.0,0.0,-0.5,-1.0,-0.3333333333333333,0.0,0.4,0.75,0.2222222222222222,0.6666666666666666,-0.3333333333333333,0.0,0.0,1.0,-1.0
GP,M,0.0,U,GT3,T,0.0,0.0,other,services,home,yes,yes,father,1.0,-1.0,0.0,no,no,no,yes,yes,no,1.0,1.0,-0.5,0.0,-0.5,0.5,-0.6666666666666666,0.4,0.6,0.5,0.5555555555555556,0.0,-0.3333333333333333,0.0,0.0,0.5,-1.0
GP,M,1.0,R,GT3,T,-1.0,0.0,other,other,course,yes,yes,father,2.0,0.0,1.0,no,yes,no,yes,yes,no,1.0,-1.0,0.5,0.0,1.0,0.5,2.6666666666666665,-0.4,-0.8,-0.75,-0.6666666666666666,-0.6666666666666666,0.6666666666666666,1.0,0.3333333333333333,-1.0,2.0
GP,M,-1.0,U,GT3,T,0.0,0.5,other,other,reputation,yes,yes,father,0.0,-1.0,0.0,no,no,no,no,yes,no,-1.0,1.0,0.0,0.0,0.0,0.0,0.3333333333333333,0.6,0.4,0.5,0.5555555555555556,0.3333333333333333,0.0,1.0,0.0,-0.5,0.0
GP,F,-1.0,U,GT3,T,-1.0,-0.5,at_home,services,course,no,yes,mother,0.0,0.0,0.0,no,no,no,no,yes,no,-1.0,-1.0,0.0,0.0,0.0,-1.5,-0.3333333333333333,1.0,0.8,1.0,1.0,-1.0,0.0,0.0,0.0,-0.5,0.0
GP,M,-1.0,U,GT3,T,-0.5,-0.5,services,services,home,yes,yes,father,0.0,2.0,0.0,no,yes,yes,yes,yes,no,1.0,2.0,0.5,0.0,0.0,0.5,0.3333333333333333,1.0,0.6,1.0,0.8888888888888888,-0.6666666666666666,0.0,1.0,0.0,-1.0,0.0
GP,F,0.0,U,LE3,T,-0.5,0.5,other,health,course,yes,yes,father,1.0,0.0,0.0,no,yes,yes,yes,yes,yes,0.0,-1.0,-0.5,0.0,0.0,0.5,-0.3333333333333333,0.4,0.4,0.5,0.4444444444444444,0.0,0.0,0.0,0.0,0.0,0.0
GP,M,0.0,U,GT3,T,0.5,0.5,health,other,course,yes,yes,mother,0.0,-1.0,0.0,no,yes,no,yes,yes,no,-1.0,1.0,0.5,0.0,1.0,0.5,2.3333333333333335,0.6,0.0,0.5,0.3333333333333333,0.6666666666666666,0.6666666666666666,1.0,0.0,-1.5,2.0
GP,F,0.0,U,GT3,T,-0.5,-0.5,other,other,home,yes,yes,mother,0.0,0.0,0.0,no,no,yes,no,yes,yes,1.0,1.0,0.5,0.0,-0.5,0.5,-0.6666666666666666,-0.6,-0.8,-0.75,-0.7777777777777778,-0.6666666666666666,-0.3333333333333333,0.0,0.0,-0.5,-1.0
GP,M,-1.0,U,GT3,T,0.0,0.5,services,services,home,yes,yes,father,0.0,-1.0,0.0,yes,no,no,no,yes,no,1.0,2.0,1.0,2.0,0.0,0.5,-0.6666666666666666,0.4,0.4,0.25,0.4444444444444444,0.3333333333333333,0.6666666666666666,0.0,0.0,0.0,-1.0
GP,F,-1.0,U,LE3,A,0.0,0.5,other,other,home,yes,yes,mother,0.0,0.0,0.0,yes,no,no,yes,yes,yes,1.0,0.0,-0.5,0.0,-0.5,-1.5,-0.6666666666666666,-0.8,-0.2,0.0,-0.5555555555555556,0.3333333333333333,-0.3333333333333333,0.0,0.0,1.5,-1.0
GP,F,3.0,U,GT3,T,-1.5,-1.0,at_home,other,course,no,no,other,0.0,0.0,3.0,no,yes,no,no,no,no,-1.0,1.0,-0.5,0.0,-0.5,0.5,-0.3333333333333333,-0.8,-0.6,-0.5,-0.7777777777777778,-1.6666666666666667,-0.3333333333333333,0.0,1.0,0.5,-1.0
GP,M,0.0,R,GT3,T,0.5,0.5,teacher,teacher,course,yes,yes,mother,0.0,-1.0,0.0,no,no,yes,yes,yes,no,-1.0,2.0,1.0,1.0,1.5,0.0,0.6666666666666666,1.4,1.4,1.75,1.5555555555555556,0.6666666666666666,1.3333333333333333,1.0,0.0,0.0,1.3333333333333335
GP,F,1.0,U,LE3,T,-0.5,-0.5,other,other,course,yes,yes,father,0.0,-1.0,0.0,no,yes,no,no,yes,yes,-1.0,1.0,0.5,0.0,0.5,0.5,1.3333333333333333,-0.2,0.4,0.25,0.1111111111111111,-0.6666666666666666,0.3333333333333333,1.0,0.0,1.5,1.0
GP,F,0.0,U,GT3,A,0.0,0.5,services,other,course,yes,yes,father,0.0,-1.0,0.0,no,no,no,no,yes,no,-1.0,-1.0,-1.0,0.0,1.0,0.5,2.0,0.2,0.0,0.0,0.1111111111111111,0.3333333333333333,0.6666666666666666,1.0,0.0,-0.5,2.0
GP,M,0.0,U,LE3,T,-1.0,-1.0,services,other,course,yes,no,mother,0.0,0.0,1.0,no,no,no,no,yes,yes,0.0,1.0,0.5,0.0,0.5,0.5,-0.6666666666666666,0.6,0.2,0.25,0.4444444444444444,-1.3333333333333333,0.3333333333333333,0.0,0.3333333333333333,-1.0,1.0
GP,F,-1.0,U,GT3,T,0.5,0.5,teacher,teacher,course,yes,yes,mother,1.0,-1.0,0.0,no,no,no,yes,yes,no,0.0,0.0,-0.5,0.0,-0.5,0.5,-0.6666666666666666,1.0,1.0,1.0,1.1111111111111112,0.6666666666666666,-0.3333333333333333,0.0,0.0,0.0,-1.0
GP,M,0.0,U,LE3,T,-0.5,-0.5,services,services,reputation,yes,yes,father,1.0,-1.0,2.0,no,yes,no,yes,yes,no,-2.0,0.0,0.0,1.0,0.0,-1.0,0.6666666666666666,-0.4,-0.4,-0.5,-0.4444444444444444,-0.6666666666666666,0.3333333333333333,1.0,1.0,0.0,-0.6666666666666667
GP,F,-1.0,U,GT3,T,0.5,0.5,teacher,services,course,yes,yes,mother,0.0,1.0,0.0,no,yes,yes,yes,yes,no,0.0,-1.0,-0.5,0.0,-0.5,0.5,-0.3333333333333333,-0.4,0.0,0.0,-0.2222222222222222,0.6666666666666666,-0.3333333333333333,0.0,0.0,1.0,-1.0
GP,F,0.0,U,LE3,T,-1.0,-1.0,at_home,at_home,course,yes,yes,mother,0.0,-1.0,0.0,no,no,no,no,yes,no,-1.0,1.0,0.5,2.0,0.5,-1.5,-0.3333333333333333,0.6,0.6,0.5,0.6666666666666666,-1.3333333333333333,1.0,0.0,0.0,0.0,-0.5
GP,F,-1.0,U,GT3,T,-1.0,-1.0,other,services,course,yes,yes,father,0.0,0.0,0.0,no,yes,yes,no,yes,no,0.0,1.0,-0.5,0.0,0.0,0.5,-0.6666666666666666,-0.6,0.0,0.0,-0.3333333333333333,-1.3333333333333333,0.0,0.0,0.0,1.5,0.0
GP,F,-1.0,U,GT3,T,-1.0,-0.5,at_home,other,course,no,yes,mother,0.0,0.0,0.0,no,yes,yes,no,yes,no,0.0,0.0,-0.5,0.0,-0.5,0.5,-0.3333333333333333,-0.2,0.0,0.0,-0.1111111111111111,-1.0,-0.3333333333333333,0.0,0.0,0.5,-1.0
GP,M,-1.0,U,LE3,A,-0.5,-1.0,services,other,course,yes,yes,mother,3.0,-1.0,3.0,no,no,no,no,yes,no,0.0,2.0,1.0,1.0,1.5,0.5,-0.6666666666666666,-0.6,-0.4,-0.25,-0.5555555555555556,-1.0,1.3333333333333333,0.0,1.5,0.5,1.3333333333333335
GP,M,0.0,U,LE3,T,-0.5,-1.0,at_home,other,course,yes,no,mother,0.0,-1.0,1.0,no,no,no,yes,yes,yes,0.0,1.0,0.5,2.0,1.5,0.5,0.3333333333333333,0.2,0.4,0.75,0.3333333333333333,-1.0,1.6666666666666667,1.0,0.5,0.5,0.5
GP,F,-1.0,R,GT3,T,0.0,0.0,services,services,reputation,yes,yes,other,1.0,1.0,2.0,no,yes,yes,yes,yes,yes,0.0,-1.0,-1.0,1.0,0.5,-0.5,0.6666666666666666,-0.2,-0.2,-0.25,-0.2222222222222222,0.0,0.6666666666666666,1.0,0.5,0.0,0.0
GP,F,1.0,U,GT3,T,0.5,0.5,other,teacher,course,yes,no,mother,0.0,-1.0,0.0,yes,yes,no,no,yes,yes,0.0,-1.0,-1.0,0.0,-0.5,0.0,-0.6666666666666666,0.0,0.0,0.25,0.0,0.6666666666666666,-0.3333333333333333,0.0,0.0,0.0,-1.0
GP,M,-1.0,R,GT3,T,-0.5,0.0,at_home,services,course,yes,no,mother,0.0,0.0,0.0,yes,no,yes,yes,yes,no,0.0,1.0,0.5,0.0,-0.5,-1.5,-0.3333333333333333,0.0,-0.6,-0.75,-0.3333333333333333,-0.3333333333333333,-0.3333333333333333,0.0,0.0,-1.5,-1.0
GP,M,1.0,R,LE3,T,-1.0,-0.5,other,other,reputation,yes,no,mother,0.0,-1.0,0.0,no,no,no,no,yes,no,-2.0,-1.0,-0.5,2.0,0.5,0.5,0.6666666666666666,1.0,0.2,0.5,0.6666666666666666,-1.0,1.0,1.0,0.0,-2.0,-0.5
GP,F,2.0,R,GT3,T,-1.0,-1.0,at_home,other,course,no,no,mother,2.0,-1.0,3.0,no,yes,no,yes,yes,no,1.0,-1.0,1.0,0.0,1.5,0.0,0.3333333333333333,-0.4,-0.6,-0.25,-0.5555555555555556,-1.3333333333333333,1.0,1.0,1.5,-0.5,3.0
GP,M,0.0,R,GT3,T,-0.5,-0.5,at_home,other,course,no,no,mother,2.0,-1.0,0.0,no,no,no,no,yes,no,0.0,-1.0,-0.5,0.0,0.0,-0.5,-0.3333333333333333,1.2,0.8,1.0,1.1111111111111112,-0.6666666666666666,0.0,0.0,0.0,-1.0,0.0
GP,M,0.0,U,GT3,T,0.0,0.0,other,services,course,yes,yes,father,0.0,0.0,1.0,no,yes,yes,no,yes,yes,0.0,2.0,1.0,3.0,1.0,0.5,0.0,-0.2,0.2,0.25,0.0,0.0,1.6666666666666667,0.0,0.3333333333333333,1.0,-0.3999999999999999
GP,M,1.0,R,LE3,T,-1.0,-1.0,other,services,course,yes,no,mother,3.0,0.0,3.0,no,no,no,yes,no,yes,1.0,0.0,1.0,0.0,1.5,0.5,-0.6666666666666666,-1.2,-0.6,-1.0,-1.0,-1.3333333333333333,1.0,0.0,1.0,1.5,3.0
GP,M,0.0,U,GT3,T,-0.5,-0.5,other,other,course,yes,yes,father,0.0,0.0,0.0,no,no,no,no,no,no,0.0,0.0,1.0,1.0,1.0,0.0,0.0,-0.2,-0.2,-0.25,-0.2222222222222222,-0.6666666666666666,1.0,0.0,0.0,0.0,0.6666666666666665
GP,F,0.0,U,GT3,T,0.5,-0.5,health,services,home,yes,yes,father,0.0,0.0,0.0,no,no,yes,no,yes,yes,0.0,-1.0,0.0,0.0,-0.5,-0.5,-0.6666666666666666,0.6,0.8,1.25,0.7777777777777778,0.0,-0.3333333333333333,0.0,0.0,0.5,-1.0
GP,F,0.0,U,GT3,T,0.5,0.5,health,health,reputation,yes,yes,mother,0.0,0.0,0.0,no,yes,yes,no,yes,yes,0.0,1.0,-0.5,0.0,-0.5,-0.5,-0.6666666666666666,0.6,0.6,0.75,0.6666666666666666,0.6666666666666666,-0.3333333333333333,0.0,0.0,0.0,-1.0
GP,M,0.0,U,GT3,T,-1.0,-1.5,other,other,reputation,yes,yes,mother,1.0,0.0,0.0,no,yes,yes,yes,yes,yes,0.0,0.0,-0.5,0.0,-0.5,-0.5,-0.3333333333333333,0.4,0.8,1.25,0.6666666666666666,-1.6666666666666667,-0.3333333333333333,0.0,0.0,1.0,-1.0
GP,M,1.0,U,LE3,T,0.5,0.5,teacher,other,reputation,yes,yes,mother,0.0,0.0,0.0,no,yes,yes,yes,yes,no,0.0,1.0,0.5,0.0,0.5,0.5,-0.6666666666666666,0.4,0.0,-0.25,0.2222222222222222,0.6666666666666666,0.3333333333333333,0.0,0.0,-1.0,1.0
GP,F,0.0,U,LE3,T,0.0,0.0,other,other,reputation,yes,yes,mother,1.0,0.0,0.0,no,yes,yes,yes,yes,no,0.0,1.0,1.0,0.0,-0.5,0.0,0.0,-0.2,0.0,-0.5,-0.1111111111111111,0.0,-0.3333333333333333,0.0,0.0,0.5,-1.0
GP,M,1.0,U,LE3,T,0.5,0.0,teacher,other,course,yes,yes,mother,1.0,0.0,0.0,no,no,yes,yes,yes,no,0.0,1.0,0.5,3.0,1.0,0.0,0.0,-0.2,-0.4,-0.5,-0.3333333333333333,0.3333333333333333,1.6666666666666667,0.0,0.0,-0.5,-0.3999999999999999
GP,F,0.0,U,GT3,T,-0.5,-0.5,services,other,reputation,no,yes,mother,1.0,0.0,0.0,no,no,yes,yes,yes,no,-1.0,1.0,0.5,0.0,1.0,0.5,-0.3333333333333333,0.4,0.4,0.0,0.4444444444444444,-0.6666666666666666,0.6666666666666666,0.0,0.0,0.0,2.0
GP,M,1.0,U,GT3,T,0.0,0.0,other,other,reputation,no,yes,father,0.0,0.0,0.0,no,no,no,yes,yes,no,0.0,0.0,0.5,0.0,1.0,0.0,0.0,-1.0,-1.2,-1.25,-1.2222222222222223,0.0,0.6666666666666666,0.0,0.0,-0.5,2.0
GP,M,0.0,R,GT3,T,0.5,-0.5,teacher,services,other,yes,yes,mother,0.0,-1.0,0.0,no,yes,no,yes,yes,yes,0.0,0.0,0.0,2.0,1.0,-0.5,1.0,-0.2,-0.6,-0.5,-0.4444444444444444,0.0,1.3333333333333333,1.0,0.0,-1.0,0.0
GP,M,1.0,U,GT3,T,0.5,0.0,other,other,course,yes,yes,mother,0.0,0.0,0.0,no,yes,no,yes,yes,yes,1.0,-1.0,0.0,0.0,-0.5,-1.0,0.0,-0.2,-0.2,0.0,-0.2222222222222222,0.3333333333333333,-0.3333333333333333,0.0,0.0,0.0,-1.0
GP,M,0.0,U,GT3,T,0.5,0.0,teacher,other,home,yes,yes,mother,0.0,0.0,0.0,no,yes,yes,yes,yes,no,-1.0,1.0,0.0,1.0,0.5,-0.5,1.0,-0.4,-0.6,-0.75,-0.5555555555555556,0.3333333333333333,0.6666666666666666,1.0,0.0,-0.5,0.0
GP,M,0.0,U,GT3,T,0.0,0.0,services,other,home,yes,yes,mother,0.0,0.0,0.0,no,no,yes,yes,yes,yes,0.0,-1.0,0.0,0.0,0.0,-0.5,-0.3333333333333333,0.2,0.4,0.25,0.3333333333333333,0.0,0.0,0.0,0.0,0.5,0.0
GP,F,1.0,U,GT3,T,-0.5,0.5,services,services,reputation,yes,no,father,0.0,0.0,0.0,no,yes,no,yes,yes,no,1.0,1.0,-0.5,1.0,0.5,0.5,-0.6666666666666666,1.0,1.2,1.5,1.2222222222222223,0.0,0.6666666666666666,0.0,0.0,0.5,0.0
GP,F,0.0,U,GT3,T,0.0,-0.5,other,other,reputation,yes,yes,mother,0.0,0.0,0.0,no,yes,yes,no,yes,no,-3.0,-1.0,-0.5,0.0,0.0,-1.5,1.6666666666666667,0.2,0.4,0.25,0.3333333333333333,-0.3333333333333333,0.0,1.0,0.0,0.5,0.0
GP,M,1.0,U,GT3,T,0.0,0.0,services,services,other,yes,yes,mother,0.0,0.0,0.0,no,yes,no,yes,yes,yes,0.0,0.0,0.5,1.0,0.5,0.0,1.3333333333333333,0.2,0.2,0.0,0.2222222222222222,0.0,0.6666666666666666,1.0,0.0,0.0,0.0
GP,M,0.0,U,GT3,T,-1.0,-0.5,services,services,other,yes,yes,mother,0.0,-1.0,0.0,no,yes,yes,yes,yes,yes,-1.0,0.0,0.0,0.0,0.0,-0.5,-0.3333333333333333,0.0,0.2,0.0,0.1111111111111111,-1.0,0.0,0.0,0.0,0.5,0.0
GP,M,0.0,U,LE3,T,-0.5,-1.0,other,other,course,yes,yes,mother,0.0,0.0,0.0,no,no,yes,yes,yes,yes,0.0,-1.0,0.0,0.0,0.0,0.5,-0.6666666666666666,0.8,0.8,1.0,0.8888888888888888,-1.0,0.0,0.0,0.0,0.0,0.0
GP,F,1.0,U,GT3,A,0.0,0.0,health,other,reputation,no,yes,mother,0.0,0.0,0.0,no,yes,no,no,yes,yes,-1.0,0.0,0.0,0.0,0.5,-0.5,0.3333333333333333,-0.6,-0.8,-0.5,-0.7777777777777778,0.0,0.3333333333333333,1.0,0.0,-0.5,1.0
GP,M,1.0,R,GT3,T,-1.0,-0.5,at_home,other,home,yes,no,mother,0.0,0.0,0.0,no,no,no,no,yes,no,-1.0,-2.0,0.0,0.0,1.5,-0.5,0.0,-0.6,-0.4,-0.25,-0.5555555555555556,-1.0,1.0,0.0,0.0,0.5,3.0
GP,F,0.0,U,GT3,T,-0.5,0.0,services,services,course,yes,yes,mother,0.0,0.0,0.0,no,no,no,no,yes,no,0.0,0.0,0.0,0.0,-0.5,-1.0,1.0,0.0,0.2,0.5,0.1111111111111111,-0.3333333333333333,-0.3333333333333333,1.0,0.0,0.5,-1.0
GP,F,1.0,U,GT3,T,-1.0,-1.0,at_home,services,course,yes,yes,mother,0.0,0.0,0.0,no,no,no,yes,yes,no,1.0,0.0,0.0,0.0,-0.5,-0.5,-0.6666666666666666,-0.6,-0.6,-0.5,-0.6666666666666666,-1.3333333333333333,-0.3333333333333333,0.0,0.0,0.0,-1.0
GP,M,1.0,U,GT3,T,-1.0,-0.5,at_home,services,other,no,yes,other,1.0,0.0,0.0,no,no,yes,yes,yes,no,0.0,1.0,0.5,3.0,1.5,0.5,1.3333333333333333,-0.8,-0.6,-0.75,-0.7777777777777778,-1.0,2.0,1.0,0.0,0.5,0.0
GP,M,0.0,R,GT3,T,0.0,0.0,services,services,reputation,yes,yes,mother,0.0,-1.0,0.0,no,yes,no,yes,yes,no,0.0,0.0,-0.5,2.0,1.0,0.5,0.6666666666666666,-0.6,-0.4,-0.25,-0.5555555555555556,0.0,1.3333333333333333,1.0,0.0,0.5,0.0
GP,M,0.0,U,GT3,T,-0.5,0.0,other,other,home,yes,yes,father,1.0,-1.0,0.0,no,no,no,no,yes,no,1.0,0.0,0.0,0.0,-0.5,-0.5,-0.6666666666666666,0.4,0.6,0.75,0.5555555555555556,-0.3333333333333333,-0.3333333333333333,0.0,0.0,0.5,-1.0
GP,F,1.0,U,LE3,T,-0.5,0.5,services,services,course,yes,yes,father,0.0,0.0,0.0,no,no,no,yes,yes,yes,0.0,0.0,-0.5,0.0,-0.5,0.5,-0.6666666666666666,0.6,0.8,1.0,0.7777777777777778,0.0,-0.3333333333333333,0.0,0.0,0.5,-1.0
GP,M,1.0,U,GT3,T,0.5,0.5,services,teacher,home,yes,yes,mother,0.0,-1.0,0.0,no,no,no,no,yes,no,1.0,-1.0,0.0,0.0,0.0,0.5,0.0,1.2,0.8,1.25,1.1111111111111112,0.6666666666666666,0.0,0.0,0.0,-1.0,0.0
GP,M,0.0,R,LE3,T,0.0,0.0,teacher,other,home,yes,yes,father,2.0,-1.0,0.0,no,yes,yes,yes,yes,no,-1.0,0.0,0.5,2.0,1.5,-0.5,0.6666666666666666,-0.4,-0.4,-0.25,-0.4444444444444444,0.0,1.6666666666666667,1.0,0.0,0.0,0.5
GP,F,0.0,U,LE3,T,0.5,0.5,teacher,teacher,reputation,yes,yes,mother,0.0,0.0,0.0,no,yes,yes,no,yes,no,0.0,2.0,-0.5,0.0,0.0,-0.5,-0.6666666666666666,-0.4,-0.4,-0.25,-0.4444444444444444,0.6666666666666666,0.0,0.0,0.0,0.0,0.0
GP,F,0.0,U,GT3,T,0.5,0.0,health,other,home,yes,yes,mother,0.0,0.0,0.0,no,yes,no,yes,yes,no,0.0,0.0,1.0,0.0,1.5,-1.0,-0.3333333333333333,1.0,1.0,1.25,1.1111111111111112,0.3333333333333333,1.0,0.0,0.0,0.0,3.0
GP,F,0.0,U,GT3,T,-0.5,0.0,other,other,reputation,yes,no,mother,0.0,0.0,0.0,yes,yes,yes,yes,yes,no,0.0,1.0,0.0,0.0,0.5,0.0,0.3333333333333333,-0.6,-0.2,-0.25,-0.4444444444444444,-0.3333333333333333,0.3333333333333333,1.0,0.0,1.0,1.0
GP,F,1.0,U,GT3,T,-1.0,-1.0,other,other,course,no,no,mother,0.0,0.0,0.0,no,yes,yes,no,yes,no,0.0,1.0,0.5,0.0,0.5,-1.5,0.0,-0.4,-0.4,-0.25,-0.4444444444444444,-1.3333333333333333,0.3333333333333333,0.0,0.0,0.0,1.0
GP,F,1.0,R,GT3,T,-0.5,-0.5,other,other,reputation,yes,yes,mother,0.0,-1.0,0.0,no,yes,no,no,yes,no,1.0,0.0,-0.5,0.0,0.0,-0.5,2.3333333333333335,-0.8,-1.0,-1.25,-1.0,-0.6666666666666666,0.0,1.0,0.0,-0.5,0.0
GP,F,0.0,R,GT3,T,-0.5,-0.5,services,services,reputation,no,yes,mother,1.0,2.0,0.0,no,yes,yes,yes,yes,no,1.0,0.0,1.0,0.0,-0.5,0.5,0.3333333333333333,-0.2,-0.2,0.0,-0.2222222222222222,-0.6666666666666666,-0.3333333333333333,1.0,0.0,0.0,-1.0
GP,F,0.0,U,GT3,A,0.0,-1.0,services,other,course,yes,yes,mother,0.0,0.0,3.0,no,yes,yes,no,yes,no,-2.0,0.0,0.0,1.0,0.0,0.0,0.16666666666666666,-0.8,-0.8,-1.0,-0.8888888888888888,-0.6666666666666666,0.3333333333333333,1.0,1.0,0.0,-0.6666666666666667
GP,F,0.0,U,GT3,T,0.5,0.0,teacher,other,other,yes,yes,mother,0.0,0.0,0.0,no,no,yes,yes,yes,yes,-3.0,0.0,-0.5,0.0,-0.5,-1.5,1.0,0.0,0.2,0.5,0.1111111111111111,0.3333333333333333,-0.3333333333333333,1.0,0.0,0.5,-1.0
GP,F,0.0,U,GT3,T,-1.0,-1.0,at_home,other,home,yes,no,mother,1.0,-1.0,0.0,no,yes,yes,no,yes,no,0.0,0.0,-0.5,0.0,1.0,0.5,0.3333333333333333,-0.4,-0.4,-0.25,-0.4444444444444444,-1.3333333333333333,0.6666666666666666,1.0,0.0,0.0,2.0
GP,F,1.0,R,GT3,T,0.5,0.0,teacher,other,reputation,yes,yes,mother,1.0,1.0,0.0,no,yes,yes,yes,yes,yes,0.0,1.0,-0.5,0.0,-0.5,0.0,0.3333333333333333,-0.8,-0.8,-1.0,-0.8888888888888888,0.3333333333333333,-0.3333333333333333,1.0,0.0,0.0,-1.0
GP,F,3.0,U,GT3,T,0.0,0.0,other,other,reputation,yes,yes,other,0.0,2.0,0.0,no,yes,yes,yes,yes,no,0.0,0.0,0.0,0.0,0.0,-0.5,1.0,-0.6,-0.6,-0.75,-0.6666666666666666,0.0,0.0,1.0,0.0,0.0,0.0
GP,M,1.0,U,LE3,T,0.5,0.5,services,other,home,yes,yes,mother,0.0,0.0,0.0,no,yes,yes,no,yes,yes,1.0,0.0,1.0,3.0,1.5,-0.5,1.5,0.2,0.2,0.5,0.2222222222222222,0.6666666666666666,2.0,1.0,0.0,0.0,0.0
GP,F,0.0,U,GT3,A,-0.5,-0.5,other,other,reputation,yes,yes,mother,0.0,0.0,0.0,yes,yes,yes,no,yes,no,-1.0,0.0,0.5,0.0,-0.5,0.0,-0.6666666666666666,0.2,0.4,0.75,0.3333333333333333,-0.6666666666666666,-0.3333333333333333,0.0,0.0,0.5,-1.0
GP,M,2.0,U,GT3,T,-0.5,-0.5,services,other,home,yes,yes,mother,0.0,0.0,1.0,no,yes,yes,yes,yes,no,0.0,1.0,0.5,1.0,1.0,0.5,1.8333333333333333,-1.0,-0.8,-0.75,-1.0,-0.6666666666666666,1.0,1.0,0.3333333333333333,0.5,0.6666666666666665
GP,F,1.0,R,LE3,T,0.5,0.5,services,other,other,yes,no,mother,0.0,-1.0,0.0,no,yes,yes,no,yes,no,1.0,-1.0,-1.0,0.0,0.0,-0.5,1.3333333333333333,-0.6,-0.2,-0.25,-0.4444444444444444,0.6666666666666666,0.0,1.0,0.0,1.0,0.0
GP,F,1.0,U,LE3,T,0.0,-0.5,other,other,reputation,yes,yes,mother,1.0,0.0,0.0,no,no,yes,no,yes,no,0.0,1.0,0.5,0.0,0.5,-1.5,-0.3333333333333333,0.6,0.8,1.0,0.7777777777777778,-0.3333333333333333,0.3333333333333333,0.0,0.0,0.5,1.0
GP,M,2.0,U,LE3,T,0.0,0.0,services,health,home,yes,yes,father,0.0,0.0,1.0,no,yes,yes,no,yes,no,-1.0,-1.0,0.5,1.0,1.0,0.0,1.5,-1.0,-1.0,-0.75,-1.1111111111111112,0.0,1.0,1.0,0.3333333333333333,0.0,0.6666666666666665
GP,F,1.0,U,GT3,T,-0.5,0.0,at_home,other,home,yes,no,father,1.0,-1.0,0.0,no,yes,yes,no,yes,no,-1.0,0.0,0.0,0.0,1.0,-0.5,-0.16666666666666666,-0.8,-0.8,-0.75,-0.8888888888888888,-0.3333333333333333,0.6666666666666666,0.0,0.0,0.0,2.0
GP,F,1.0,U,GT3,T,-0.5,-0.5,at_home,at_home,course,yes,yes,mother,0.0,1.0,0.0,no,yes,yes,yes,yes,no,0.0,0.0,0.0,0.0,-0.5,0.0,0.0,-0.4,-0.2,-0.25,-0.3333333333333333,-0.6666666666666666,-0.3333333333333333,0.0,0.0,0.5,-1.0
GP,F,1.0,R,GT3,T,-0.5,-1.0,at_home,services,reputation,yes,yes,mother,1.0,0.0,0.0,no,yes,no,yes,yes,no,0.0,-1.0,1.0,0.0,0.0,0.5,-0.3333333333333333,-1.0,-1.0,-1.25,-1.1111111111111112,-1.0,0.0,0.0,0.0,0.0,0.0
GP,F,0.0,U,GT3,T,-0.5,0.0,services,teacher,other,yes,yes,mother,0.0,0.0,0.0,yes,no,no,no,yes,no,-2.0,0.0,-1.0,0.0,-0.5,-0.5,-0.3333333333333333,1.0,1.0,1.5,1.1111111111111112,-0.3333333333333333,-0.3333333333333333,0.0,0.0,0.0,-1.0
GP,M,2.0,U,GT3,T,-0.5,-0.5,other,other,home,yes,yes,mother,1.0,0.0,0.0,no,yes,yes,no,yes,no,-1.0,0.0,0.0,4.0,1.5,0.0,-0.6666666666666666,0.2,0.4,0.5,0.3333333333333333,-0.6666666666666666,2.3333333333333335,0.0,0.0,0.5,-0.33333333333333326
GP,F,0.0,U,GT3,T,0.5,0.5,teacher,services,home,no,yes,mother,0.0,1.0,0.0,no,yes,no,yes,yes,no,1.0,0.0,-0.5,0.0,-0.5,0.5,-0.6666666666666666,0.4,0.4,0.75,0.4444444444444444,0.6666666666666666,-0.3333333333333333,0.0,0.0,0.0,-1.0
GP,F,2.0,R,GT3,T,0.0,-1.0,other,other,reputation,yes,yes,mother,0.0,0.0,1.0,no,no,no,yes,yes,yes,1.0,0.0,0.0,0.0,-0.5,0.0,2.0,-0.4,-0.6,-1.0,-0.5555555555555556,-0.6666666666666666,-0.3333333333333333,1.0,0.3333333333333333,-0.5,-1.0
GP,F,1.0,U,GT3,T,0.0,-0.5,other,other,course,no,yes,mother,0.0,0.0,0.0,no,no,no,yes,yes,no,1.0,0.0,0.5,0.0,0.5,-0.5,1.0,1.0,0.8,1.0,1.0,-0.3333333333333333,0.3333333333333333,1.0,0.0,-0.5,1.0
GP,M,1.0,U,LE3,T,-0.5,0.0,services,services,reputation,no,yes,father,0.0,0.0,0.0,no,yes,yes,no,yes,no,1.0,0.0,0.0,0.0,0.5,-0.5,-0.3333333333333333,0.2,0.0,0.25,0.1111111111111111,-0.3333333333333333,0.3333333333333333,0.0,0.0,-0.5,1.0
GP,M,2.0,U,LE3,T,-0.5,-1.0,at_home,other,course,yes,yes,mother,3.0,0.0,0.0,yes,yes,yes,yes,yes,yes,0.0,0.0,-0.5,3.0,1.5,-0.5,1.6666666666666667,-0.2,-0.6,-0.5,-0.4444444444444444,-1.0,2.0,1.0,0.0,-1.0,0.0
GP,F,1.0,U,GT3,A,-0.5,-1.0,other,other,course,yes,yes,mother,1.0,1.0,0.0,no,no,no,yes,yes,yes,-1.0,-1.0,0.0,0.0,0.0,-0.5,1.0,0.2,-0.2,0.25,0.0,-1.0,0.0,1.0,0.0,-1.0,0.0
GP,F,1.0,U,LE3,T,0.5,0.0,health,other,reputation,yes,yes,father,0.0,0.0,0.0,no,no,no,yes,yes,yes,-1.0,-1.0,0.0,0.0,0.0,-0.5,1.6666666666666667,0.4,0.4,0.75,0.4444444444444444,0.3333333333333333,0.0,1.0,0.0,0.0,0.0
GP,M,1.0,R,GT3,T,-0.5,-0.5,other,other,course,yes,yes,father,1.0,0.0,0.0,no,yes,yes,yes,yes,no,0.0,2.0,-0.5,0.0,-0.5,-1.5,0.0,0.0,0.0,0.0,0.0,-0.6666666666666666,-0.3333333333333333,0.0,0.0,0.0,-1.0
GP,M,1.0,U,GT3,T,0.5,0.5,teacher,teacher,reputation,yes,yes,mother,0.0,0.0,0.0,yes,yes,no,yes,yes,yes,0.0,2.0,1.0,0.0,0.5,-1.0,1.6666666666666667,0.0,-0.4,-0.5,-0.2222222222222222,0.6666666666666666,0.3333333333333333,1.0,0.0,-1.0,1.0
GP,M,0.0,U,GT3,T,0.5,0.5,health,other,reputation,yes,yes,father,0.0,0.0,0.0,no,yes,yes,yes,yes,no,0.0,-1.0,0.5,1.0,1.0,-1.5,-0.3333333333333333,0.6,0.4,0.5,0.5555555555555556,0.6666666666666666,1.0,0.0,0.0,-0.5,0.6666666666666665
GP,M,0.0,U,LE3,T,-1.0,-1.0,other,other,home,yes,yes,mother,1.0,0.0,0.0,no,yes,yes,no,yes,no,-1.0,1.0,-0.5,0.0,-0.5,0.5,2.3333333333333335,-0.4,-0.8,-1.25,-0.6666666666666666,-1.3333333333333333,-0.3333333333333333,1.0,0.0,-1.0,-1.0
GP,M,0.0,U,GT3,T,0.0,-0.5,at_home,other,reputation,yes,yes,mother,1.0,1.0,0.0,no,no,no,yes,yes,yes,1.0,0.0,0.0,0.0,0.5,-1.0,1.0,0.0,-0.4,-0.25,-0.2222222222222222,-0.3333333333333333,0.3333333333333333,1.0,0.0,-1.0,1.0
GP,M,1.0,U,LE3,T,-0.5,-0.5,other,other,home,no,yes,father,0.0,0.0,0.0,no,no,yes,yes,yes,yes,0.0,1.0,-0.5,4.0,1.5,0.0,0.0,0.6,0.4,0.5,0.5555555555555556,-0.6666666666666666,2.3333333333333335,0.0,0.0,-0.5,-0.33333333333333326
GP,F,0.0,U,GT3,T,-0.5,-1.0,other,other,home,yes,yes,mother,0.0,-1.0,0.0,no,no,no,no,yes,yes,0.0,2.0,-0.5,0.0,-0.5,0.5,2.6666666666666665,0.4,0.2,0.25,0.3333333333333333,-1.0,-0.3333333333333333,1.0,0.0,-0.5,-1.0
GP,F,1.0,R,GT3,T,-0.5,-1.0,at_home,services,course,yes,no,mother,2.0,0.0,0.0,no,no,no,yes,yes,no,-2.0,-2.0,-1.0,0.0,-0.5,-0.5,-0.3333333333333333,0.4,0.0,0.0,0.2222222222222222,-1.0,-0.3333333333333333,0.0,0.0,-1.0,-1.0
GP,M,1.0,U,LE3,T,0.5,0.0,health,other,course,yes,yes,mother,1.0,0.0,0.0,no,no,no,yes,yes,yes,-2.0,2.0,1.0,0.0,1.0,0.5,1.6666666666666667,0.2,0.2,0.25,0.2222222222222222,0.3333333333333333,0.6666666666666666,1.0,0.0,0.0,2.0
GP,M,1.0,R,LE3,A,0.5,0.5,teacher,other,course,yes,yes,mother,1.0,0.0,0.0,no,yes,yes,no,yes,no,-1.0,0.0,0.0,1.0,0.5,0.0,-0.3333333333333333,-0.2,0.0,0.25,-0.1111111111111111,0.6666666666666666,0.6666666666666666,0.0,0.0,0.5,0.0
GP,M,0.0,U,GT3,T,0.5,0.5,services,services,course,yes,yes,mother,0.0,-1.0,0.0,no,no,no,yes,yes,no,1.0,0.0,-0.5,0.0,0.0,0.5,-0.6666666666666666,0.4,0.2,0.25,0.3333333333333333,0.6666666666666666,0.0,0.0,0.0,-0.5,0.0
GP,M,0.0,U,GT3,T,-0.5,-1.0,other,other,course,yes,yes,mother,2.0,-1.0,0.0,no,no,no,no,yes,no,0.0,0.0,0.0,0.0,-0.5,0.0,0.3333333333333333,1.4,1.4,1.75,1.5555555555555556,-1.0,-0.3333333333333333,1.0,0.0,0.0,-1.0
GP,M,1.0,U,GT3,T,-0.5,0.0,other,other,course,yes,yes,father,1.0,-1.0,0.0,no,no,no,no,yes,no,1.0,-1.0,-0.5,0.0,-0.5,-1.0,0.0,0.2,0.2,0.5,0.2222222222222222,-0.3333333333333333,-0.3333333333333333,0.0,0.0,0.0,-1.0
GP,M,6.0,U,GT3,T,0.0,-1.0,services,services,other,no,yes,mother,0.0,-1.0,3.0,no,no,no,no,no,yes,1.0,1.0,1.0,4.0,1.5,-1.5,2.0,-1.0,-0.6,-0.75,-0.8888888888888888,-0.6666666666666666,2.3333333333333335,1.0,1.5,1.0,-0.33333333333333326
GP,M,2.0,R,LE3,T,0.0,0.0,other,services,course,yes,yes,mother,0.0,0.0,1.0,no,yes,no,no,yes,yes,0.0,0.0,0.0,0.0,0.5,0.5,0.6666666666666666,-1.6,-1.2,-1.5,-1.5555555555555556,0.0,0.3333333333333333,1.0,0.3333333333333333,1.0,1.0
GP,M,0.0,U,GT3,T,-1.5,-0.5,other,other,other,no,yes,mother,0.0,-1.0,0.0,no,no,yes,no,yes,no,0.0,0.0,-0.5,1.0,1.0,0.5,-0.6666666666666666,0.4,0.8,1.0,0.6666666666666666,-1.3333333333333333,1.0,0.0,0.0,1.0,0.6666666666666665
GP,M,2.0,U,GT3,T,0.0,-0.5,services,other,course,yes,yes,mother,1.0,-1.0,1.0,no,no,no,no,no,no,0.0,1.0,1.0,1.0,1.0,0.5,-0.6666666666666666,-1.0,-0.6,-0.75,-0.8888888888888888,-0.3333333333333333,1.0,0.0,0.5,1.0,0.6666666666666665
GP,M,0.0,U,GT3,T,0.0,0.0,at_home,other,reputation,no,yes,other,2.0,0.0,0.0,yes,yes,no,no,yes,no,1.0,0.0,0.0,0.0,0.5,-1.0,0.3333333333333333,-0.8,-0.2,-0.25,-0.5555555555555556,0.0,0.3333333333333333,1.0,0.0,1.5,1.0
GP,M,2.0,U,GT3,T,-0.5,-1.0,services,services,other,no,yes,mother,0.0,-1.0,1.0,no,no,no,no,no,no,-1.0,-1.0,1.0,1.0,1.5,0.5,0.0,-1.0,-0.4,-0.75,-0.7777777777777778,-1.0,1.3333333333333333,0.0,0.5,1.5,1.3333333333333335
GP,M,0.0,R,GT3,T,-0.5,-1.0,other,other,course,no,no,mother,1.0,-1.0,0.0,no,no,no,yes,yes,no,-1.0,0.0,-0.5,0.0,0.5,-0.5,-0.6666666666666666,-0.6,-0.4,-0.75,-0.5555555555555556,-1.0,0.3333333333333333,0.0,0.0,0.5,1.0
GP,M,1.0,R,GT3,T,-0.5,-1.0,other,other,course,no,yes,mother,0.0,-1.0,0.0,no,no,no,no,yes,no,0.0,1.0,-0.5,1.0,1.0,0.5,-0.6666666666666666,-0.6,0.2,0.25,-0.2222222222222222,-1.0,1.0,0.0,0.0,2.0,0.6666666666666665
GP,M,1.0,U,LE3,T,-1.0,-1.0,health,other,course,yes,yes,mother,1.0,-1.0,1.0,no,yes,no,yes,yes,no,0.0,1.0,0.5,0.0,0.0,0.5,-0.3333333333333333,-0.8,-0.4,-0.75,-0.6666666666666666,-1.3333333333333333,0.0,0.0,0.5,1.0,0.0
GP,F,1.0,U,LE3,T,0.5,-0.5,teacher,services,reputation,yes,yes,mother,0.0,2.0,0.0,no,yes,yes,yes,yes,no,0.0,-1.0,0.0,0.0,-0.5,0.0,0.3333333333333333,0.6,0.2,0.5,0.4444444444444444,0.0,-0.3333333333333333,1.0,0.0,-1.0,-1.0
GP,M,3.0,U,LE3,A,0.5,0.0,services,at_home,reputation,yes,yes,mother,0.0,0.0,0.0,no,yes,no,no,yes,no,0.0,0.0,-1.0,0.0,-0.5,-1.5,1.3333333333333333,0.0,0.0,0.0,0.0,0.3333333333333333,-0.3333333333333333,1.0,0.0,0.0,-1.0
GP,M,2.0,U,GT3,T,-0.5,-1.0,other,other,home,yes,yes,mother,0.0,0.0,0.0,no,no,no,yes,yes,no,1.0,-1.0,0.5,0.0,0.0,0.0,0.6666666666666666,0.8,0.6,0.75,0.7777777777777778,-1.0,0.0,1.0,0.0,-0.5,0.0
GP,M,2.0,U,GT3,T,0.5,0.0,teacher,other,course,no,yes,mother,0.0,0.0,0.0,no,yes,yes,no,yes,no,0.0,0.0,-0.5,0.0,-0.5,-0.5,-0.3333333333333333,-0.6,-0.6,-0.75,-0.6666666666666666,0.3333333333333333,-0.3333333333333333,0.0,0.0,0.0,-1.0
GP,M,2.0,R,GT3,T,0.0,-0.5,other,other,course,no,no,mother,0.0,1.0,0.0,no,no,no,yes,yes,no,1.0,0.0,-0.5,0.0,-0.5,-0.5,-0.5,0.4,0.2,0.25,0.3333333333333333,-0.3333333333333333,-0.3333333333333333,0.0,0.0,-0.5,-1.0
GP,F,1.0,U,GT3,T,0.0,0.0,other,other,home,no,no,mother,0.0,1.0,0.0,no,no,no,yes,yes,no,-1.0,-1.0,0.0,0.0,-0.5,0.0,0.0,-0.2,-0.4,-0.5,-0.3333333333333333,0.0,-0.3333333333333333,0.0,0.0,-0.5,-1.0
GP,M,2.0,R,LE3,A,0.0,0.5,other,other,reputation,yes,yes,mother,1.0,0.0,0.0,no,yes,yes,yes,yes,no,0.0,-1.0,1.0,2.0,1.0,-1.5,1.5,1.2,1.2,1.5,1.3333333333333333,0.3333333333333333,1.3333333333333333,1.0,0.0,0.0,0.0
GP,M,1.0,U,GT3,T,0.0,-1.0,services,other,other,yes,yes,mother,0.0,0.0,0.0,no,no,yes,yes,yes,yes,1.0,1.0,0.5,2.0,1.0,0.5,-0.3333333333333333,-0.4,-0.4,-0.25,-0.4444444444444444,-0.6666666666666666,1.3333333333333333,0.0,0.0,0.0,0.0
GP,F,2.0,R,GT3,T,0.5,0.5,teacher,other,reputation,yes,yes,mother,1.0,0.0,0.0,no,no,yes,yes,yes,no,0.0,0.0,0.5,1.0,0.0,0.0,0.6666666666666666,0.2,-0.2,0.0,0.0,0.6666666666666666,0.3333333333333333,1.0,0.0,-1.0,-0.6666666666666667
GP,M,2.0,U,GT3,T,0.5,-0.5,health,other,reputation,yes,yes,father,0.0,0.0,0.0,no,yes,yes,yes,yes,yes,1.0,1.0,1.0,0.0,0.5,0.5,1.0,-0.2,-0.4,-0.25,-0.3333333333333333,0.0,0.3333333333333333,1.0,0.0,-0.5,1.0
GP,F,3.0,U,GT3,T,0.0,0.0,other,services,home,yes,yes,other,0.0,0.0,2.0,no,yes,yes,yes,yes,no,0.0,0.0,1.0,2.0,0.5,0.5,1.8333333333333333,-0.4,-0.4,-0.5,-0.4444444444444444,0.0,1.0,1.0,0.6666666666666666,0.0,-0.5
GP,F,2.0,U,GT3,T,-0.5,0.0,other,services,reputation,yes,yes,father,0.0,2.0,0.0,no,yes,yes,yes,yes,yes,0.0,2.0,1.0,0.0,0.5,-1.0,0.0,0.8,0.6,0.75,0.7777777777777778,-0.3333333333333333,0.3333333333333333,0.0,0.0,-0.5,1.0
GP,F,2.0,U,LE3,T,-1.0,-1.0,other,other,home,no,no,mother,1.0,0.0,0.0,no,yes,yes,no,yes,no,0.0,1.0,0.0,0.0,-0.5,-0.5,-0.3333333333333333,0.0,0.0,0.0,0.0,-1.3333333333333333,-0.3333333333333333,0.0,0.0,0.0,-1.0
GP,M,1.0,R,GT3,T,-1.0,-0.5,at_home,at_home,home,no,no,mother,0.0,0.0,0.0,no,yes,yes,yes,yes,yes,-1.0,2.0,-0.5,1.0,0.0,-1.5,-0.3333333333333333,0.8,0.6,0.75,0.7777777777777778,-1.0,0.3333333333333333,0.0,0.0,-0.5,-0.6666666666666667
GP,F,1.0,U,GT3,T,-0.5,0.5,at_home,health,reputation,yes,yes,mother,1.0,0.0,0.0,no,yes,yes,no,yes,yes,0.0,0.0,0.0,0.0,-0.5,-1.5,-0.3333333333333333,-0.2,-0.2,-0.25,-0.2222222222222222,0.0,-0.3333333333333333,0.0,0.0,0.0,-1.0
GP,F,1.0,U,LE3,T,-0.5,-0.5,services,other,course,yes,yes,mother,1.0,0.0,0.0,yes,yes,yes,no,yes,yes,0.0,1.0,0.5,1.0,0.5,0.5,0.3333333333333333,0.2,0.2,0.25,0.2222222222222222,-0.6666666666666666,0.6666666666666666,1.0,0.0,0.0,0.0
GP,F,2.0,U,GT3,T,0.5,0.5,health,health,reputation,yes,yes,father,0.0,0.0,1.0,yes,yes,no,yes,yes,yes,-2.0,1.0,0.5,0.0,-0.5,0.0,1.8333333333333333,-0.4,-0.6,-0.75,-0.5555555555555556,0.6666666666666666,-0.3333333333333333,1.0,0.3333333333333333,-0.5,-1.0
GP,M,2.0,U,LE3,T,0.5,0.0,teacher,services,course,yes,yes,mother,1.0,-1.0,0.0,no,no,yes,yes,yes,no,0.0,-1.0,0.0,0.0,0.0,-1.5,0.6666666666666666,-0.2,0.0,-0.25,-0.1111111111111111,0.3333333333333333,0.0,1.0,0.0,0.5,0.0
GP,M,1.0,U,LE3,A,0.0,-0.5,teacher,services,home,yes,yes,mother,0.0,-1.0,1.0,no,no,no,no,yes,no,0.0,1.0,0.5,2.0,1.0,-0.5,2.5,0.0,-0.4,-0.25,-0.2222222222222222,-0.3333333333333333,1.3333333333333333,1.0,0.5,-1.0,0.0
GP,F,2.0,R,LE3,T,-1.0,-1.0,at_home,other,reputation,yes,no,mother,1.0,2.0,0.0,no,yes,yes,yes,yes,no,1.0,-1.0,-0.5,0.0,-0.5,-0.5,-0.5,0.2,0.2,0.25,0.2222222222222222,-1.3333333333333333,-0.3333333333333333,0.0,0.0,0.0,-1.0
GP,F,2.0,U,GT3,T,-1.0,-1.0,other,other,home,yes,yes,mother,1.0,0.0,0.0,yes,no,no,yes,yes,no,1.0,1.0,0.5,0.0,-0.5,0.0,0.0,-0.6,-0.4,-0.25,-0.5555555555555556,-1.3333333333333333,-0.3333333333333333,0.0,0.0,0.5,-1.0
GP,F,1.0,U,GT3,T,-0.5,-0.5,other,other,course,no,yes,mother,0.0,0.0,0.0,no,yes,no,no,yes,no,1.0,1.0,1.0,0.0,0.0,0.5,0.0,-0.2,-0.4,0.0,-0.3333333333333333,-0.6666666666666666,0.0,0.0,0.0,-0.5,0.0
GP,M,1.0,U,GT3,T,-1.0,-1.0,other,other,reputation,no,yes,father,0.0,0.0,0.0,no,no,yes,no,yes,no,0.0,0.0,0.0,0.0,0.0,0.0,-0.3333333333333333,0.2,-0.2,0.0,0.0,-1.3333333333333333,0.0,0.0,0.0,-1.0,0.0
GP,F,2.0,U,GT3,T,-0.5,-0.5,at_home,at_home,other,yes,yes,mother,0.0,1.0,0.0,no,yes,yes,no,yes,no,0.0,0.0,0.0,0.0,0.0,-1.0,0.16666666666666666,1.4,1.4,2.0,1.5555555555555556,-0.6666666666666666,0.0,1.0,0.0,0.0,0.0
GP,F,1.0,U,GT3,T,-1.0,-1.0,services,teacher,reputation,yes,yes,mother,0.0,1.0,0.0,no,yes,yes,no,yes,no,0.0,0.0,0.0,0.0,-0.5,-0.5,0.3333333333333333,0.4,0.2,0.25,0.3333333333333333,-1.3333333333333333,-0.3333333333333333,1.0,0.0,-0.5,-1.0
GP,M,2.0,U,GT3,T,-0.5,-1.0,services,services,reputation,yes,yes,mother,0.0,1.0,0.0,no,no,yes,yes,yes,no,0.0,-1.0,0.5,0.0,0.5,-1.0,0.3333333333333333,0.8,0.6,0.75,0.7777777777777778,-1.0,0.3333333333333333,1.0,0.0,-0.5,1.0
GP,M,2.0,U,LE3,A,0.5,0.5,teacher,teacher,reputation,yes,yes,mother,0.0,0.0,0.0,no,yes,yes,yes,yes,no,1.0,1.0,0.0,0.0,-0.5,-1.0,0.8333333333333334,0.8,0.4,1.0,0.6666666666666666,0.6666666666666666,-0.3333333333333333,1.0,0.0,-1.0,-1.0
GP,M,2.0,U,GT3,T,0.5,-0.5,teacher,other,home,yes,yes,mother,0.0,0.0,0.0,no,yes,yes,yes,yes,yes,0.0,0.0,-0.5,0.0,1.0,0.5,1.1666666666666667,0.2,0.0,0.0,0.1111111111111111,0.0,0.6666666666666666,1.0,0.0,-0.5,2.0
GP,F,1.0,U,GT3,T,0.5,0.0,health,services,reputation,yes,yes,mother,0.0,1.0,0.0,no,yes,yes,no,yes,no,0.0,-1.0,-0.5,0.0,0.0,-0.5,-0.6666666666666666,0.8,0.8,1.0,0.8888888888888888,0.3333333333333333,0.0,0.0,0.0,0.0,0.0
GP,F,1.0,R,LE3,T,0.0,-1.0,services,other,reputation,yes,no,mother,1.0,2.0,0.0,no,yes,yes,no,yes,no,-1.0,-2.0,-0.5,0.0,-0.5,-0.5,0.3333333333333333,1.4,1.4,1.75,1.5555555555555556,-0.6666666666666666,-0.3333333333333333,1.0,0.0,0.0,-1.0
GP,M,2.0,R,LE3,T,0.0,-0.5,services,other,reputation,yes,yes,mother,1.0,1.0,0.0,no,yes,yes,yes,yes,no,1.0,1.0,-0.5,0.0,-0.5,0.0,0.6666666666666666,0.6,0.4,0.75,0.5555555555555556,-0.3333333333333333,-0.3333333333333333,1.0,0.0,-0.5,-1.0
GP,M,1.0,U,GT3,T,0.0,0.0,health,other,home,yes,yes,mother,0.0,-1.0,0.0,no,yes,yes,no,yes,no,0.0,1.0,0.0,0.0,0.5,0.5,0.0,0.6,0.2,0.0,0.4444444444444444,0.0,0.3333333333333333,0.0,0.0,-1.0,1.0
GP,F,2.0,U,LE3,T,0.5,0.0,other,other,home,yes,yes,other,1.0,0.0,0.0,no,yes,yes,no,yes,yes,0.0,1.0,1.0,0.0,0.0,-1.0,1.0,-0.2,-0.6,-0.75,-0.4444444444444444,0.3333333333333333,0.0,1.0,0.0,-1.0,0.0
GP,F,2.0,U,GT3,T,0.5,0.0,other,other,reputation,yes,yes,father,0.0,2.0,0.0,no,yes,yes,no,yes,no,0.0,0.0,0.0,0.0,-0.5,-0.5,-0.6666666666666666,0.6,0.4,0.75,0.5555555555555556,0.3333333333333333,-0.3333333333333333,0.0,0.0,-0.5,-1.0
GP,M,2.0,U,LE3,T,0.5,0.5,teacher,teacher,home,yes,yes,mother,0.0,-1.0,0.0,no,yes,yes,no,yes,yes,-3.0,1.0,-0.5,1.0,0.0,-1.5,0.16666666666666666,1.0,0.8,1.25,1.0,0.6666666666666666,0.3333333333333333,1.0,0.0,-0.5,-0.6666666666666667
GP,F,2.0,U,LE3,A,0.5,0.5,health,other,home,yes,yes,mother,0.0,0.0,0.0,no,yes,no,no,yes,yes,0.0,-1.0,0.5,0.0,-0.5,0.0,1.6666666666666667,0.2,-0.2,0.0,0.0,0.6666666666666666,-0.3333333333333333,1.0,0.0,-1.0,-1.0
GP,M,1.0,U,LE3,T,0.5,0.5,other,teacher,home,yes,yes,father,1.0,-1.0,0.0,no,no,yes,no,yes,no,0.0,-2.0,-1.0,1.0,0.0,0.5,-0.6666666666666666,0.0,0.0,-0.25,0.0,0.6666666666666666,0.3333333333333333,0.0,0.0,0.0,-0.6666666666666667
GP,F,1.0,U,GT3,T,0.5,-0.5,other,other,reputation,yes,yes,mother,1.0,1.0,0.0,no,yes,yes,no,yes,no,0.0,0.0,0.0,0.0,-0.5,-0.5,-0.6666666666666666,0.8,0.2,0.75,0.5555555555555556,0.0,-0.3333333333333333,0.0,0.0,-1.5,-1.0
GP,F,1.0,U,GT3,T,0.0,-0.5,health,health,reputation,no,yes,father,0.0,2.0,0.0,no,yes,yes,yes,yes,no,1.0,-1.0,-0.5,0.0,0.0,0.5,-0.6666666666666666,1.2,1.2,1.75,1.3333333333333333,-0.3333333333333333,0.0,0.0,0.0,0.0,0.0
GP,M,4.0,U,GT3,A,0.0,-0.5,services,other,course,yes,no,other,0.0,-1.0,0.0,no,no,no,yes,yes,no,1.0,2.0,0.0,0.0,-0.5,0.5,-0.6666666666666666,1.2,1.4,1.75,1.4444444444444444,-0.3333333333333333,-0.3333333333333333,0.0,0.0,0.5,-1.0
GP,M,3.0,R,GT3,T,0.0,0.0,other,services,reputation,yes,no,father,0.0,0.0,1.0,no,no,no,yes,yes,yes,0.0,2.0,0.0,0.0,0.0,0.5,-0.6666666666666666,0.8,0.2,0.25,0.5555555555555556,0.0,0.0,0.0,0.3333333333333333,-1.5,0.0
GP,F,2.0,U,GT3,T,0.5,0.0,other,other,course,yes,yes,mother,0.0,1.0,0.0,no,yes,yes,yes,yes,yes,0.0,0.0,0.5,0.0,-0.5,0.5,0.8333333333333334,-0.4,-0.2,-0.5,-0.3333333333333333,0.3333333333333333,-0.3333333333333333,1.0,0.0,0.5,-1.0
GP,F,1.0,R,GT3,T,0.0,0.5,at_home,services,course,no,yes,father,0.0,1.0,0.0,no,yes,yes,yes,yes,no,0.0,0.0,0.5,1.0,1.5,0.5,-0.6666666666666666,0.0,0.0,-0.25,0.0,0.3333333333333333,1.3333333333333333,0.0,0.0,0.0,1.3333333333333335
GP,F,2.0,U,GT3,T,0.5,0.5,teacher,other,course,yes,yes,mother,0.0,0.0,0.0,no,yes,yes,no,yes,no,0.0,1.0,0.5,2.0,0.5,0.5,-0.3333333333333333,0.0,0.0,0.0,0.0,0.6666666666666666,1.0,0.0,0.0,0.0,-0.5
GP,F,1.0,U,GT3,T,-0.5,-0.5,other,other,course,yes,no,mother,0.0,0.0,0.0,no,yes,no,no,yes,yes,0.0,-1.0,-0.5,0.0,-0.5,-0.5,1.3333333333333333,0.0,-0.4,-0.5,-0.2222222222222222,-0.6666666666666666,-0.3333333333333333,1.0,0.0,-1.0,-1.0
GP,F,1.0,R,LE3,T,-0.5,-0.5,services,services,course,yes,yes,mother,0.0,1.0,0.0,no,yes,yes,yes,yes,no,-1.0,0.0,-0.5,1.0,0.0,-0.5,-0.16666666666666666,0.0,0.0,0.0,0.0,-0.6666666666666666,0.3333333333333333,0.0,0.0,0.0,-0.6666666666666667
GP,F,1.0,U,GT3,T,0.0,-1.0,services,services,course,no,yes,father,0.0,1.0,0.0,no,yes,no,no,yes,no,-1.0,1.0,0.0,1.0,0.5,0.5,-0.5,0.2,0.6,1.0,0.4444444444444444,-0.6666666666666666,0.6666666666666666,0.0,0.0,1.0,0.0
GP,F,1.0,U,LE3,T,-1.5,-0.5,at_home,at_home,home,yes,yes,father,1.0,1.0,0.0,no,no,no,no,yes,no,-1.0,0.0,0.0,1.0,0.5,-1.0,-0.6666666666666666,1.0,0.8,1.0,1.0,-1.3333333333333333,0.6666666666666666,0.0,0.0,-0.5,0.0
GP,M,2.0,U,GT3,T,0.5,0.5,other,other,course,yes,yes,mother,0.0,1.0,0.0,no,no,no,yes,yes,no,0.0,0.0,0.0,1.0,0.0,-0.5,-0.16666666666666666,-0.4,0.2,0.0,-0.1111111111111111,0.6666666666666666,0.3333333333333333,0.0,0.0,1.5,-0.6666666666666667
GP,M,1.0,U,GT3,T,0.0,0.0,other,services,reputation,no,yes,mother,0.0,-1.0,0.0,no,no,no,yes,yes,no,0.0,0.0,1.0,2.0,1.5,0.5,-0.16666666666666666,0.6,0.8,1.25,0.7777777777777778,0.0,1.6666666666666667,0.0,0.0,0.5,0.5
GP,M,1.0,R,GT3,T,-0.5,-0.5,services,other,course,yes,yes,mother,3.0,-1.0,0.0,no,yes,no,no,yes,no,0.0,1.0,1.0,4.0,1.5,0.0,0.6666666666666666,0.0,-0.2,-0.25,-0.1111111111111111,-0.6666666666666666,2.3333333333333335,1.0,0.0,-0.5,-0.33333333333333326
GP,F,1.0,U,GT3,T,0.5,0.5,teacher,services,course,yes,yes,mother,0.0,1.0,0.0,no,yes,yes,yes,yes,no,1.0,1.0,0.5,0.0,0.5,0.0,0.5,-0.2,-0.4,-0.5,-0.3333333333333333,0.6666666666666666,0.3333333333333333,1.0,0.0,-0.5,1.0
GP,F,1.0,U,GT3,T,0.5,0.5,teacher,teacher,course,no,yes,mother,1.0,1.0,0.0,no,yes,yes,no,yes,yes,0.0,0.0,0.0,0.0,0.0,0.0,0.0,0.6,0.6,0.75,0.6666666666666666,0.6666666666666666,0.0,0.0,0.0,0.0,0.0
GP,M,2.0,U,LE3,T,-0.5,-0.5,other,other,course,yes,yes,mother,0.0,2.0,0.0,no,yes,no,yes,yes,no,0.0,2.0,1.0,1.0,1.0,0.5,-0.3333333333333333,-0.4,-0.6,-0.75,-0.5555555555555556,-0.6666666666666666,1.0,0.0,0.0,-0.5,0.6666666666666665
GP,F,1.0,R,GT3,T,-0.5,0.5,at_home,other,course,yes,yes,father,0.0,1.0,0.0,no,yes,no,no,yes,yes,0.0,1.0,0.0,0.0,-0.5,0.5,0.5,0.2,0.6,0.75,0.4444444444444444,0.0,-0.3333333333333333,1.0,0.0,1.0,-1.0
GP,F,1.0,U,GT3,T,0.0,0.5,services,other,course,yes,yes,mother,0.0,1.0,0.0,no,no,no,no,yes,no,0.0,1.0,1.0,0.0,0.5,0.5,2.0,1.0,0.8,1.0,1.0,0.3333333333333333,0.3333333333333333,1.0,0.0,-0.5,1.0
GP,F,2.0,U,LE3,T,0.0,0.0,services,services,home,yes,yes,mother,0.0,2.0,0.0,no,yes,no,no,yes,no,1.0,0.0,0.0,0.0,-0.5,-1.5,0.5,1.0,0.8,1.5,1.0,0.0,-0.3333333333333333,1.0,0.0,-0.5,-1.0
GP,F,1.0,R,GT3,A,0.0,-0.5,other,other,home,yes,yes,mother,0.0,0.0,0.0,no,yes,yes,no,yes,no,0.0,0.0,0.0,1.0,0.5,-1.0,0.0,-0.4,-0.2,-0.25,-0.3333333333333333,-0.3333333333333333,0.6666666666666666,0.0,0.0,0.5,0.0
GP,M,2.0,U,LE3,T,0.0,0.5,services,other,home,yes,yes,mother,0.0,0.0,0.0,no,no,no,yes,yes,yes,0.0,0.0,0.0,0.0,0.5,0.5,1.1666666666666667,1.0,0.8,1.0,1.0,0.3333333333333333,0.3333333333333333,1.0,0.0,-0.5,1.0
GP,F,2.0,U,GT3,T,-0.5,0.0,at_home,other,course,yes,yes,mother,0.0,1.0,0.0,no,yes,no,no,yes,no,0.0,0.0,0.0,0.0,0.0,-0.5,0.0,0.0,-0.2,-0.25,-0.1111111111111111,-0.3333333333333333,0.0,0.0,0.0,-0.5,0.0
GP,F,2.0,U,GT3,T,0.0,-0.5,other,services,other,yes,yes,mother,0.0,1.0,0.0,no,no,no,no,yes,yes,1.0,1.0,0.0,1.0,0.5,-1.5,0.5,0.4,0.4,0.75,0.4444444444444444,-0.3333333333333333,0.6666666666666666,1.0,0.0,0.0,0.0
GP,M,2.0,R,GT3,T,0.5,0.0,teacher,services,course,yes,yes,mother,0.0,1.0,0.0,no,no,no,no,yes,yes,1.0,0.0,-0.5,0.0,0.0,0.0,0.8333333333333334,1.0,0.8,1.25,1.0,0.3333333333333333,0.0,1.0,0.0,-0.5,0.0
GP,M,2.0,U,GT3,T,0.5,0.0,teacher,other,course,yes,yes,mother,0.0,1.0,0.0,no,yes,yes,no,yes,yes,1.0,1.0,1.0,1.0,0.5,0.5,-0.6666666666666666,-0.2,-0.2,-0.5,-0.2222222222222222,0.3333333333333333,0.6666666666666666,0.0,0.0,0.0,0.0
GP,F,1.0,U,GT3,T,0.5,0.0,health,other,reputation,yes,yes,mother,0.0,1.0,0.0,no,yes,yes,yes,yes,yes,0.0,1.0,0.0,0.0,0.5,0.0,-0.6666666666666666,0.4,0.8,1.0,0.6666666666666666,0.3333333333333333,0.3333333333333333,0.0,0.0,1.0,1.0
MS,M,2.0,R,GT3,T,0.0,-0.5,other,other,course,no,yes,mother,1.0,-1.0,1.0,no,yes,no,no,yes,no,-2.0,2.0,1.0,4.0,1.5,0.5,1.0,0.0,0.4,0.5,0.2222222222222222,-0.3333333333333333,2.3333333333333335,1.0,0.5,1.0,-0.33333333333333326
MS,M,3.0,R,GT3,T,-1.0,-1.0,other,services,home,yes,yes,other,2.0,0.0,3.0,no,no,no,no,yes,no,1.0,1.0,0.5,2.0,0.5,-1.0,0.6666666666666666,-0.6,-0.8,-0.75,-0.7777777777777778,-1.3333333333333333,1.0,1.0,1.0,-0.5,-0.5
MS,M,1.0,U,GT3,T,0.0,0.0,health,other,course,yes,yes,mother,1.0,0.0,0.0,no,yes,yes,no,yes,no,0.0,2.0,0.5,1.0,0.5,-0.5,-0.3333333333333333,0.4,0.4,0.5,0.4444444444444444,0.0,0.6666666666666666,0.0,0.0,0.0,0.0
MS,M,2.0,U,LE3,T,-1.0,0.0,at_home,services,course,yes,yes,mother,0.0,-1.0,1.0,no,no,no,no,no,yes,0.0,0.0,0.0,1.0,0.5,-0.5,0.5,-0.6,-0.8,-0.75,-0.7777777777777778,-0.6666666666666666,0.6666666666666666,1.0,0.5,-0.5,0.0
MS,M,3.0,R,GT3,T,-1.0,-1.0,other,other,home,yes,yes,other,2.0,-1.0,1.0,no,yes,no,no,yes,no,0.0,1.0,0.5,2.0,0.5,0.5,0.0,-0.6,-0.6,-0.75,-0.6666666666666666,-1.3333333333333333,1.0,0.0,0.5,0.0,-0.5
MS,M,1.0,R,GT3,T,0.5,0.0,services,other,home,no,yes,mother,1.0,0.0,0.0,no,yes,yes,yes,yes,yes,0.0,2.0,1.0,0.0,0.5,-1.0,0.0,0.4,0.0,0.0,0.2222222222222222,0.3333333333333333,0.3333333333333333,0.0,0.0,-1.0,1.0
MS,F,2.0,U,GT3,T,0.0,0.0,services,services,course,yes,no,father,0.0,0.0,0.0,no,yes,no,no,yes,yes,1.0,0.0,0.5,0.0,-0.5,0.5,-0.6666666666666666,-0.2,-0.4,-0.5,-0.3333333333333333,0.0,-0.3333333333333333,0.0,0.0,-0.5,-1.0
MS,F,1.0,R,GT3,T,0.5,0.5,teacher,services,other,yes,yes,father,1.0,0.0,0.0,no,yes,yes,yes,yes,no,0.0,0.0,0.0,0.0,0.0,0.5,0.0,0.2,0.4,0.5,0.3333333333333333,0.6666666666666666,0.0,0.0,0.0,0.5,0.0
MS,F,1.0,U,LE3,A,0.0,-0.5,services,other,reputation,yes,no,mother,1.0,0.0,0.0,no,no,no,no,yes,yes,-3.0,-1.0,0.0,0.0,0.0,0.5,-0.3333333333333333,0.2,0.2,0.0,0.2222222222222222,-0.3333333333333333,0.0,0.0,0.0,0.0,0.0
MS,M,2.0,U,LE3,T,-1.0,-1.0,other,services,home,no,yes,father,1.0,-1.0,0.0,no,no,no,no,yes,yes,-1.0,0.0,-0.5,0.0,0.0,-0.5,0.0,-0.2,-0.2,-0.25,-0.2222222222222222,-1.3333333333333333,0.0,0.0,0.0,0.0,0.0
MS,F,2.0,U,LE3,T,-1.0,-1.0,at_home,services,course,yes,yes,father,1.0,1.0,0.0,no,no,no,no,yes,no,1.0,0.0,-0.5,0.0,-0.5,0.0,-0.6666666666666666,1.4,1.0,1.25,1.3333333333333333,-1.3333333333333333,-0.3333333333333333,0.0,0.0,-1.0,-1.0
MS,F,2.0,U,GT3,T,0.0,0.0,services,services,other,yes,yes,mother,1.0,0.0,0.0,no,yes,no,no,yes,yes,0.0,0.0,-0.5,0.0,0.5,-0.5,-0.6666666666666666,0.0,0.0,-0.25,0.0,0.0,0.3333333333333333,0.0,0.0,0.0,1.0
MS,F,1.0,U,LE3,T,0.5,0.5,at_home,at_home,course,yes,yes,mother,0.0,0.0,0.0,no,yes,yes,yes,yes,yes,-2.0,0.0,0.5,0.0,-0.5,-1.5,-0.6666666666666666,1.0,0.8,1.0,1.0,0.6666666666666666,-0.3333333333333333,0.0,0.0,-0.5,-1.0
MS,F,1.0,R,GT3,T,-1.0,-0.5,other,services,course,no,no,father,1.0,0.0,0.0,no,no,no,no,yes,no,-1.0,-1.0,-0.5,0.0,0.0,-0.5,-0.6666666666666666,0.2,0.0,0.25,0.1111111111111111,-1.0,0.0,0.0,0.0,-0.5,0.0
MS,M,2.0,R,GT3,T,-1.0,0.0,at_home,other,course,yes,no,mother,1.0,0.0,0.0,no,yes,yes,no,yes,no,-1.0,0.0,0.5,1.0,1.0,-0.5,0.0,-0.2,-0.2,-0.25,-0.2222222222222222,-0.6666666666666666,1.0,0.0,0.0,0.0,0.6666666666666665
MS,M,2.0,U,LE3,T,0.5,0.5,teacher,services,other,yes,yes,mother,1.0,1.0,0.0,no,no,yes,no,yes,yes,0.0,-1.0,-0.5,1.0,0.0,0.5,-0.6666666666666666,0.4,0.4,0.5,0.4444444444444444,0.6666666666666666,0.3333333333333333,0.0,0.0,0.0,-0.6666666666666667
MS,F,2.0,U,GT3,T,-0.5,0.0,at_home,services,course,yes,yes,father,1.0,-1.0,0.0,no,yes,yes,no,yes,yes,1.0,-1.0,0.0,0.0,0.0,0.0,-0.6666666666666666,0.0,-0.2,-0.25,-0.1111111111111111,-0.3333333333333333,0.0,0.0,0.0,-0.5,0.0
MS,F,2.0,R,GT3,T,0.5,0.5,other,teacher,other,no,yes,father,2.0,0.0,0.0,no,yes,yes,no,yes,yes,-1.0,-1.0,-0.5,3.0,0.0,0.5,1.0,0.6,0.2,0.0,0.4444444444444444,0.6666666666666666,1.0,1.0,0.0,-1.0,-1.2
MS,M,2.0,R,LE3,T,-1.0,-0.5,at_home,services,other,yes,yes,father,2.0,-1.0,0.0,no,yes,yes,yes,no,yes,0.0,0.0,0.0,1.0,0.5,-0.5,-0.16666666666666666,0.6,0.2,0.25,0.4444444444444444,-1.0,0.6666666666666666,0.0,0.0,-1.0,0.0
MS,F,1.0,U,GT3,T,-0.5,-0.5,other,at_home,home,yes,no,mother,0.0,1.0,0.0,no,no,no,yes,yes,yes,-1.0,1.0,0.0,0.0,-0.5,-0.5,0.6666666666666666,0.4,0.0,0.0,0.2222222222222222,-0.6666666666666666,-0.3333333333333333,1.0,0.0,-1.0,-1.0
MS,F,1.0,R,GT3,T,-1.0,-0.5,other,other,course,yes,yes,mother,0.0,-1.0,0.0,no,no,no,yes,yes,no,-1.0,2.0,1.0,0.0,0.5,-1.5,1.6666666666666667,-1.0,-1.2,-1.5,-1.2222222222222223,-1.0,0.3333333333333333,1.0,0.0,-0.5,1.0
MS,F,2.0,R,LE3,T,0.5,0.5,other,other,reputation,yes,yes,mother,1.0,1.0,0.0,no,no,no,no,yes,no,1.0,1.0,0.5,0.0,-0.5,-1.5,-0.6666666666666666,1.6,1.4,2.0,1.6666666666666667,0.6666666666666666,-0.3333333333333333,0.0,0.0,-0.5,-1.0
MS,F,2.0,R,GT3,T,-1.0,-1.0,other,other,home,yes,yes,mother,3.0,1.0,0.0,no,no,no,no,yes,no,0.0,0.0,-0.5,0.0,0.0,0.0,-0.3333333333333333,-0.6,-0.6,-0.25,-0.6666666666666666,-1.3333333333333333,0.0,0.0,0.0,0.0,0.0
MS,F,2.0,R,LE3,T,0.5,0.5,teacher,services,course,yes,yes,mother,0.0,0.0,0.0,no,no,yes,yes,yes,no,1.0,1.0,0.0,2.0,1.0,-1.0,0.0,-0.6,-0.4,-0.25,-0.5555555555555556,0.6666666666666666,1.3333333333333333,0.0,0.0,0.5,0.0
MS,F,2.0,U,GT3,T,0.0,0.0,other,other,home,yes,yes,mother,0.0,0.0,0.0,no,no,yes,no,yes,yes,0.0,-2.0,0.0,0.0,0.0,-1.5,-0.6666666666666666,0.8,0.8,1.0,0.8888888888888888,0.0,0.0,0.0,0.0,0.0,0.0
MS,F,1.0,R,GT3,T,0.0,-1.0,at_home,other,reputation,no,yes,mother,0.0,0.0,0.0,no,yes,yes,yes,yes,no,0.0,2.0,0.5,1.0,0.5,-1.5,2.1666666666666665,-0.2,-0.2,-0.25,-0.2222222222222222,-0.6666666666666666,0.6666666666666666,1.0,0.0,0.0,0.0
MS,M,2.0,U,GT3,T,0.5,0.5,teacher,teacher,home,no,yes,father,0.0,0.0,0.0,no,no,yes,yes,yes,no,-1.0,-1.0,0.5,0.0,1.0,-1.0,0.0,0.8,0.6,0.75,0.7777777777777778,0.6666666666666666,0.6666666666666666,0.0,0.0,-0.5,2.0
MS,M,2.0,R,GT3,T,-0.5,-1.0,other,other,other,no,yes,mother,1.0,-1.0,0.0,no,no,no,yes,yes,yes,0.0,1.0,0.0,0.0,0.5,0.5,0.16666666666666666,-0.8,-1.0,-1.0,-1.0,-1.0,0.3333333333333333,1.0,0.0,-0.5,1.0
MS,M,1.0,U,GT3,T,-0.5,0.0,other,services,home,yes,yes,father,1.0,0.0,0.0,no,no,no,yes,yes,no,0.0,1.0,0.0,0.0,-0.5,-0.5,-0.3333333333333333,0.0,0.0,-0.25,0.0,-0.3333333333333333,-0.3333333333333333,0.0,0.0,0.0,-1.0
MS,M,2.0,R,GT3,T,0.5,-0.5,other,other,home,yes,no,father,1.0,-1.0,1.0,no,no,yes,no,yes,no,1.0,1.0,0.0,3.0,0.5,-0.5,1.6666666666666667,-1.0,-1.2,-1.5,-1.2222222222222223,0.0,1.3333333333333333,1.0,0.5,-0.5,-0.8
MS,F,2.0,R,GT3,T,-0.5,-0.5,at_home,other,other,yes,no,mother,1.0,1.0,0.0,no,no,yes,no,yes,no,1.0,0.0,0.0,0.0,0.5,0.0,-0.3333333333333333,-0.2,-0.4,-0.25,-0.3333333333333333,-0.6666666666666666,0.3333333333333333,0.0,0.0,-0.5,1.0
MS,F,2.0,R,GT3,T,0.5,0.5,teacher,at_home,reputation,yes,yes,mother,2.0,-1.0,0.0,no,yes,yes,yes,yes,yes,0.0,1.0,0.0,1.0,0.0,0.5,0.5,-1.0,-1.2,-1.25,-1.2222222222222223,0.6666666666666666,0.3333333333333333,1.0,0.0,-0.5,-0.6666666666666667
MS,F,2.0,U,LE3,T,0.0,-1.0,teacher,services,course,yes,yes,mother,0.0,0.0,0.0,no,yes,yes,no,yes,no,0.0,0.0,0.5,0.0,-0.5,-1.5,-0.6666666666666666,-0.8,-0.4,-0.75,-0.6666666666666666,-0.6666666666666666,-0.3333333333333333,0.0,0.0,1.0,-1.0
MS,M,1.0,U,LE3,T,0.0,-1.0,services,services,course,no,yes,mother,1.0,-1.0,0.0,no,no,no,no,yes,no,-2.0,1.0,1.0,2.0,1.0,-1.0,-0.16666666666666666,0.6,1.0,1.25,0.8888888888888888,-0.6666666666666666,1.3333333333333333,0.0,0.0,1.0,0.0
MS,M,2.0,R,LE3,T,0.0,-0.5,services,other,course,no,yes,mother,2.0,-1.0,0.0,no,no,no,no,yes,no,0.0,1.0,-1.0,2.0,1.0,0.5,-0.6666666666666666,0.0,0.2,-0.25,0.1111111111111111,-0.3333333333333333,1.3333333333333333,0.0,0.0,0.5,0.0
